,Lo PRIOR,PRIOR 2,PRIOR 3,PRIOR 4,PRIOR 5,PRIOR 6,PRIOR 7,PRIOR 8,PRIOR 9,Hi PRIOR
192701,-3.32,-4.62,2.66,-0.32,-0.41,0.96,0.77,0.36,-0.43,-0.24
192702,7.49,6.01,8.33,7.51,3.8,4.16,2.81,3.28,4.21,6.96
192703,-3.2,-2.99,-3.98,-4.76,-0.48,-2.4,2.1,0.61,0.89,5.47
192704,1.53,-2.87,-2.46,-1.34,2.59,-0.13,2.05,-0.59,1.64,5.49
192705,3.98,4.39,5.9,3.15,6.25,5.92,4.66,6.59,8.16,6.24
192706,-6.42,-3.51,-3.13,-2.65,-2.3,-1.79,-1.92,-1.56,-2.48,-1.58
192707,4.2,4.53,4.26,5.08,8.33,6.98,8.51,7.04,6.44,13.14
192708,-0.55,0.35,1.42,1.7,2.42,1.5,2.34,2.42,0.35,5.52
192709,-0.27,3.02,3.37,4.29,4.17,5.07,4.75,4.35,5.76,7.35
192710,-6.03,-3.07,-1.87,-3.07,-2.67,-3.85,-3.21,-5.37,-5.27,-6.04
192711,13.52,6.16,5.26,6.42,5.98,4.8,7.71,7.97,10.25,6.38
192712,4.72,0.33,0.51,4.09,2.03,1.07,1.81,1.14,5.22,5.08
192801,-0.38,-1.36,-1.3,-0.91,0.23,0.13,-0.26,0.36,-1.48,-0.87
192802,-1.31,-1.32,-1.21,-1.62,-1.25,-0.21,-1.74,-2.75,-2.75,0.21
192803,7.08,6.8,6.55,4.46,4.12,7.88,6.35,7.2,20.17,12.75
192804,7.5,7.57,13.21,6.86,4.11,4.49,1.16,2.96,1.27,3.73
192805,3.83,1.89,-2.81,-0.87,1.34,0.99,2.75,0.65,3.19,5.16
192806,-8.13,-8.34,-3.89,-3.96,-4.08,-3.47,-5.62,-5.08,-4.32,-3.54
192807,-0.51,-0.61,-0.42,0.24,1.24,0.86,0.48,-0.03,2.49,2.18
192808,7.28,3.23,3.9,4.65,6.36,6.53,7.43,10.63,11.01,8.79
192809,1.42,4.2,0.7,1.17,0.45,4.01,4.79,4.15,6.36,5.5
192810,-3.75,-1.23,2.16,0.27,0.75,1.44,0.73,5.12,1.58,7.3
192811,7.78,8.02,9.61,11.62,11.19,10.55,18.46,10.61,6,24.36
192812,-3.14,0.42,-0.69,-0.32,-0.54,-1.83,2.05,3.43,0.33,2.17
192901,5.6,2.28,3.15,5.67,6.17,2.9,4.71,8.6,6.66,-2.82
192902,-3.61,2.39,-1.98,-2.18,-0.15,-1.01,-0.26,0.39,0.6,3.6
192903,-0.59,-0.42,-0.4,-2.33,2.7,1.88,0.17,-2.25,-2.8,2.09
192904,-8.28,1.97,-0.07,1.32,0.35,2.42,2.56,4.27,2.94,0.65
192905,-10.15,-9.55,-3.64,-4.21,-1.28,-8.62,-3.74,-4.05,-5.86,-12.34
192906,-2.18,3.81,4.42,6.57,4.84,6.62,11.19,12.57,18.48,9.34
192907,2.49,-0.52,1.23,-0.88,5.05,5.54,7.4,4.43,4.86,5.4
192908,-0.47,1.83,4.43,3.14,4.23,7.22,11.54,11.88,13.65,8.54
192909,-9.36,-11.13,-6,-4.43,-3.56,-4.71,-2.21,-7.75,-5.77,-3.43
192910,-32.99,-26.61,-26.63,-17.4,-10.32,-14.74,-9.19,-15.47,-16.09,-27.55
192911,-15.74,-13.49,-13.8,-9.08,-8.23,-8.12,-8.25,-10.81,-12.62,-16.38
192912,-3.14,-8.29,-0.05,2.51,0.55,1.01,-5.15,1.99,2.12,4.67
193001,14.04,7.94,4.97,6.9,6.29,8.03,4.9,3.32,7.71,3.83
193002,2.3,0.47,3.51,1.4,3.65,1.44,1.1,3.31,2.24,3.33
193003,12.88,3.01,11.85,11.22,7.42,5.63,6.13,6.29,6.04,8.31
193004,-1.68,6.51,-10.18,-9.98,-4.62,1.44,-3.12,-3.65,-0.82,-1.38
193005,-0.42,-7.92,4.77,0.02,1.06,-2.65,-4.29,-1.2,-0.93,-1.03
193006,-26.32,-24.63,-16.8,-22.46,-16.85,-17.07,-13.76,-10.88,-13.79,-16.39
193007,4.95,5.95,5.44,5.21,8.91,5.49,4.95,3.19,1.39,6.25
193008,-4.24,-0.54,-3.35,-4.09,0.79,1.44,2.39,0.66,0.15,1.17
193009,-21.68,-23.14,-22.93,-16.06,-14.5,-12,-13.42,-8.73,-9.82,-12.47
193010,-18.12,-14.31,-16.46,-15.17,-10.98,-10.08,-6.97,-6.07,-9.02,-7.22
193011,1.08,4.53,-4.17,-1.35,-4.09,-5.01,-3.68,-0.86,-3.41,-1.73
193012,-27.28,-13.51,-17.98,-13.75,-10.87,-10.37,-8.97,-4.17,-5.18,-2.87
193101,23.16,17.36,9.08,11.31,11.38,3.87,4.84,4.49,5.89,5.62
193102,24.51,30.73,19.28,20.55,18.71,12.93,12.47,8.46,7.81,6.57
193103,-15.65,-14.92,-10.53,-10.84,-11.58,-5.09,-9.01,-4.84,-4.62,-1.72
193104,-25.97,-17.21,-18.49,-19.14,-15.73,-11.89,-10.58,-9.3,-6.02,-4.29
193105,-19.36,-19.61,-18.08,-14.23,-15.43,-14.86,-12.82,-13.36,-11.76,-9.89
193106,37.38,35.58,21.06,23.11,20.13,15.27,17.41,11.74,10.84,8.12
193107,-15.06,-12.19,-10.86,-11.8,-9.24,-9.49,-6.56,-5.4,-4.56,-1.54
193108,8.47,-0.77,5.91,-0.06,2.87,0.4,-5.23,-0.9,0.99,-0.54
193109,-40.84,-38.94,-35.41,-27.98,-31.56,-29.16,-34.73,-27.17,-27.21,-23.17
193110,1.43,7.98,4.68,2.57,6.38,8.52,10.81,6.02,9.99,11.41
193111,-13.79,-20.03,-14.16,-9.88,-15.16,-11.7,-8.93,-5.97,-7.41,-3.3
193112,-30.25,-23.91,-21.83,-22.69,-19.98,-14.51,-12.95,-9.99,-10.83,-7.07
193201,17.02,9.66,2.74,1.57,0.71,-3.02,-4.36,-3.33,-1.08,-0.76
193202,9.85,-0.95,6.65,-0.14,7.1,4.41,5.7,8.16,5.73,1.67
193203,-20.47,-23.15,-17.26,-15.11,-14.06,-12.22,-14.32,-9.35,-7.31,-4.73
193204,-24.74,-20.67,-23.32,-21.83,-17.68,-22.83,-23.87,-18.93,-13.73,-10.86
193205,-36.16,-39.23,-32.84,-21.81,-25.94,-24.9,-16.04,-17.93,-18.26,-13.46
193206,5.93,2.52,-0.91,-6.96,-4.19,2.26,-1.38,-3.38,5.99,1.06
193207,74.3,79.33,61.97,52.32,44.33,44.2,32.04,32.44,22.03,14.13
193208,93.98,75.92,66.38,49.55,60.31,44.46,33.74,26.32,23.07,16.96
193209,-5.54,-5.23,-6.25,1.52,-6.67,-0.93,-2.31,-2.71,-4.78,-3.9
193210,-22.17,-16.32,-21.66,-12.7,-9.48,-11.62,-12.79,-9.97,-14.42,-3.27
193211,-12.42,-8.57,-8.58,-7.19,-2.49,-2.61,-3.1,-9.63,-5.58,-20.88
193212,-7.37,2.26,5.3,2.88,2.21,5.64,4.65,5.46,7.1,2.49
193301,-1.65,1.77,2.52,5.29,2.18,-0.13,1.45,-1.11,5.12,-3.16
193302,-24.14,-19.66,-19.61,-20.42,-15.67,-14.4,-16.44,-11.15,-16.37,-16.03
193303,-4.62,8.34,6.9,8.87,6.18,3.35,-3.02,2.39,7.09,8.51
193304,70.8,51.76,51.88,62.14,41.21,47.11,35.41,28.18,32.89,28.88
193305,46.21,32.36,17.39,19.9,17.2,28.38,22.33,20.85,20.94,19.34
193306,26.05,10.4,8.34,13.87,11.62,9.23,12.3,17.17,18.72,16.98
193307,-7.32,-8.21,-11,-9.1,-11.83,-14.12,-10.9,-5.99,-10.53,-13.2
193308,5.79,5.43,11.17,13.3,15.09,17.72,19.14,18.35,22.3,17.61
193309,-21.65,-12.14,-9.23,-8.31,-9.08,-5.14,-11.68,-12.72,-12.14,-7.26
193310,-8.71,-7.54,-7.28,-10.45,-7.97,-8.63,-7.29,-10.24,-8.72,-8.25
193311,-1.25,2.27,11.94,11.92,8.32,9.37,9.93,21.57,9.36,6.61
193312,0.76,2.83,-1.68,0.34,-0.25,0.75,2.47,7.94,6.11,1.86
193401,22.41,12.9,12.21,9.48,8.8,15.26,14.52,10.88,10.06,12.38
193402,-1.97,0.41,-4.27,-1.02,-3.37,-2.42,-3.85,-3.03,-5.15,0.04
193403,-0.33,-0.18,0.43,-0.9,-0.23,-0.4,3.59,-0.14,1.61,0.98
193404,-0.04,-0.11,-0.3,-3.15,-3.48,-0.7,-3.32,-4.41,-5.84,-7.98
193405,-5.7,-6.45,-5.78,-5.26,-10.59,-9.62,-8.7,-7.1,-11.64,-8.65
193406,1.75,5.16,2.63,5.13,1.38,3.35,2.58,0.8,2.83,2.69
193407,-26.87,-16.62,-18.38,-14.36,-13.57,-9.05,-8.67,-8.05,-7.32,-8.7
193408,2.89,2.57,6.98,6.32,5.07,5.16,6.27,4.86,5.94,8.33
193409,1.55,-0.26,1.56,-1.25,-0.94,-0.82,-1.07,1.33,0.15,-0.84
193410,-6.52,-5.11,-4.63,-3.76,-2.99,-1.1,-0.7,-2.46,2.03,3.4
193411,13.92,10.01,3.79,11.38,7.77,5.99,10.32,7.76,10.28,13.65
193412,-0.33,-3.68,-2.17,1.1,1.27,-0.02,-1.02,0.14,2.83,3.4
193501,-6.87,-6.04,-7.65,-4.84,-4.13,-0.7,-2.65,-1.69,-1.11,-0.62
193502,-21.8,-12.6,-7.01,-8.29,-5.37,-3.11,-1.1,1.67,3.91,3.19
193503,1.23,-4.05,-9.78,-5.9,-0.24,-6.21,-2.74,-3,-4.66,-1.42
193504,9.21,15.87,11.33,13.4,11.2,8,9.57,7.41,8.17,6.46
193505,4.95,10.87,3.9,2.81,7.58,4.77,2.89,4.13,2.6,1.25
193506,-0.16,5.44,11.97,7.83,8.68,5.73,4.47,5.07,6.74,6.57
193507,11.62,14.46,13.64,12.42,6.51,8.18,7.33,7.18,5.32,6.49
193508,21.17,22.49,3.68,-0.47,-0.36,3.36,4.01,2.68,1.13,3.55
193509,-13.81,0.99,-3.78,0.29,-1.14,3.23,4.06,2.7,4.95,8.71
193510,7.85,8.51,3.58,8.61,5.91,3.92,6.71,8.25,8.58,12.12
193511,18.67,6.08,6.97,5.12,3.61,2.44,5.99,3.53,5.98,3.01
193512,-0.4,5.99,4.49,4.1,6.92,2.26,1.85,3.34,5.88,8.02
193601,11.58,8.99,6.19,8.91,5.64,7.64,5.9,5.54,5.93,12.68
193602,2.24,0.38,1.35,0.15,6.63,2.84,3.27,3.78,1.96,1.19
193603,-1.08,-1,0.42,0.64,0.74,-1.48,5.5,-1.68,1.06,5.42
193604,-2.88,-4.55,-7.9,-7.49,-6.6,-10.14,-12.31,-10.81,-12.5,-12.52
193605,4.74,4.07,3.96,4.81,6.88,3.38,7.47,4.9,7.94,8.49
193606,3.13,2.12,1.66,1.48,2.54,3.24,1.86,4.16,3.9,-0.91
193607,1.01,2.92,4.33,7.05,8.95,8.62,11.69,5.3,12.15,9.72
193608,1.09,0.46,-0.17,1.89,3.48,-0.65,-1.02,-0.36,2.43,-0.27
193609,1,-0.6,2.61,-0.34,-0.42,2.71,1.02,1.03,3.36,1.57
193610,7.63,3.9,4.86,6.51,5.88,8.22,9.48,5.49,11.9,7.77
193611,1.88,5.47,2.66,3.63,3.37,2.51,1.2,5.51,2.25,2.98
193612,-1.35,-1.32,-0.11,0.47,-0.85,-0.7,-0.17,0.18,3.57,4
193701,1.72,4.64,4.36,2.44,2.14,5.02,2.64,5.14,1.61,4.55
193702,-0.38,1.13,-0.17,0.07,-0.24,-0.58,1.45,3.09,6.24,3.17
193703,-2,-1.55,-1.23,-1.67,-1.6,-1.54,2.03,5.01,-0.19,3.47
193704,-10.76,-6.82,-6.1,-6.08,-5.15,-6.24,-4.91,-8.12,-13.72,-14.74
193705,-2.21,-1.2,0.93,-0.2,0.18,-1.61,-2.55,-0.82,0.37,-1.93
193706,-5.08,-3.9,-4.1,-4.36,-4.21,-4.82,-4.68,-2.16,-4.48,-7.01
193707,12.95,11.3,6.97,6.49,8.05,8.52,9.31,9.15,11.62,9.79
193708,-8.47,-3.19,-5.27,-3.08,-4.83,-4.66,-3,-5.65,-6.81,-7.38
193709,-17.16,-9.76,-11.27,-7.12,-11.48,-14.33,-15.54,-18.74,-19.05,-20.71
193710,-6.32,-10.18,-7.15,-9.54,-8.77,-8.74,-8.46,-9.82,-11.83,-12.28
193711,-2.48,-8.71,-3.86,-9.77,-7.93,-9.67,-8.93,-4.84,-10.15,-11.03
193712,-16.55,-6.04,-8.02,-11.92,-9.48,-3.18,-3.04,-2.69,-2.05,-0.85
193801,7.21,4.64,-0.87,1.1,-1.04,3.94,2.08,0.43,-0.67,-1.01
193802,9.11,9.77,6.07,9.49,5.97,7.53,7.58,8.25,6.84,1.65
193803,-42.26,-40.47,-33.51,-32.62,-31.42,-30.94,-25.77,-25.03,-22.83,-17.3
193804,24.76,24.45,22.43,17.44,16.88,19.13,16.71,14.94,11.98,13.79
193805,-8,-8.86,-11.4,-8.27,-8.3,-7.83,-5.59,-6.24,-3.06,0.75
193806,43.67,43.34,42.64,40.75,39.8,35.51,31.98,27.86,16.47,10.47
193807,22.62,7.18,10.34,13.52,10.98,7.76,13.12,5.98,3.98,4.86
193808,-7.85,-5.25,-4.91,-8.14,-3.59,-4.96,0.29,-4.27,-2.13,-1.27
193809,-4.26,-0.09,-2.31,-0.36,-0.81,0.96,1.74,1.53,1.35,0.15
193810,22.15,14.82,16.7,9.62,6.88,6.53,6.65,6.5,7.54,6.86
193811,-10.81,-4.84,-3.85,-3.59,-2.57,-1.83,-0.85,-1.92,-0.62,-1.42
193812,0.94,4.44,6,3.38,4.23,3.85,4.53,3.62,2.89,8.81
193901,-4.31,-6.68,-3.21,-5.09,-6.93,-8.03,-6.44,-5.31,-7.77,-9.21
193902,-0.53,0.27,4.74,3.39,1.62,2.64,4.07,5.26,5.35,4.75
193903,-16.78,-10.38,-15.74,-11.2,-15.84,-11.67,-7.7,-8.39,-15.76,-18.23
193904,0.53,-0.65,-0.38,-1.59,1.1,-1.21,-1.61,0.64,0.02,2.19
193905,3.56,6.83,4.25,5.31,4.98,7.53,7.29,6.66,8.48,8.83
193906,-12.5,-5.26,-6.81,-4.86,-7.16,-5.48,-4.17,-5.19,-4.18,-6.11
193907,10.13,16.81,11.8,10.25,9.65,11.16,9.94,8.04,9.84,13.36
193908,-15.31,-12.91,-11.84,-11.46,-7.18,-7.15,-7.42,-6.87,-5.03,-4.24
193909,53.08,42.82,34.17,25.65,30.05,21.36,14.71,10.16,8.55,7.92
193910,-7.19,-2.99,-3.83,-3.92,-3.42,-0.01,-1,0.71,1.54,4.91
193911,-6.51,-7.05,-3.14,-2.68,-3.27,-5.83,-1.9,-2.56,-3.91,-6.74
193912,-0.69,0.02,-0.27,1.75,3.96,3.17,3.45,3.66,4.17,7.29
194001,-1.49,-3.35,-3.51,-3.31,-5.46,-3,-2.3,-2.03,-0.25,0.03
194002,-1.42,-0.64,0.74,0.79,0.21,2.88,1.49,1.26,2.1,5.14
194003,3.06,0.82,4.3,1.14,3.16,1.77,1.48,2.49,0.91,4.57
194004,-3.9,-0.09,-1.97,-0.33,0.59,0.69,-0.63,0.89,4.61,3.85
194005,-26.18,-28.17,-25.79,-18.44,-20.97,-22.56,-22.08,-21.18,-25.24,-28.52
194006,9.3,7.64,5.53,7.97,6.16,7.79,9.13,1.7,4.9,6.31
194007,1.33,3.66,4.48,3.54,2.01,4.11,2.21,3.49,2.75,4.37
194008,6.68,3.69,3.99,1.44,2.05,1.88,3.83,0.73,0.72,2.22
194009,1.8,1.15,4.29,1.27,2.38,2.52,2.52,3,3,0.63
194010,4.84,14.96,8.09,11.11,6.1,1.59,3.81,1.3,-0.54,2.72
194011,-1.58,-3.53,0.18,-1.37,1.2,-1.53,-4.68,-1.86,-0.73,-0.79
194012,-4.26,0.62,0.03,0.72,0.33,0.53,0.94,0.99,1.24,1.79
194101,0.72,-1.71,-1.56,-3.17,-4.53,-4.78,-5.65,-5.19,-3.63,-5.26
194102,-2.26,-3.73,-1.13,-1.23,-1.53,-1.52,-1.24,-2.09,-0.16,-2.36
194103,-3.27,0.08,-0.85,1.78,-0.01,0.41,0.52,2.27,2.51,-0.7
194104,-11.76,-8.46,-7.16,-3.89,-3.87,-7.44,-5.31,-5.62,-3.29,-4.83
194105,1.43,-1.03,-1.08,1.28,1.66,2.61,0.3,1.86,2.46,1.27
194106,5.38,5.71,6.56,7.59,5.22,4.01,6.4,4.76,5.48,4.05
194107,9.65,6.85,5.38,2.76,3.33,7.2,9.58,9.6,9.31,8.22
194108,-2.16,0.68,0.25,-0.61,1.18,-0.09,-0.3,-1.31,-1.31,-0.46
194109,1.74,0.28,-0.9,-0.79,-1.01,-0.3,-2.35,-1.82,-3.58,-0.64
194110,-10.86,-7.96,-5.58,-6.01,-5.9,-7.11,-3.93,-2.36,-0.4,-0.11
194111,-9.01,-0.92,-3.54,-3.01,-3.47,-3.42,0.59,2.32,-0.15,0.48
194112,-10.17,-5.06,-6.46,-0.68,-5.19,-1.71,-1.71,-6.38,-8,-8.05
194201,10.59,5.82,3.7,4.93,-3.09,3.04,-3.6,-0.39,2.92,0.22
194202,-0.68,-0.41,-2.8,-0.2,-2.89,-3.94,-4.08,-2.76,-3.48,-2.96
194203,-12.52,-5.05,-5.61,-7.82,-6.86,-7.38,-5.73,-5.87,-7.4,-6.63
194204,0.73,-4.65,-3.99,-3.9,-6.58,-3.76,-5.53,-6,-4.96,-2.18
194205,9.49,10.72,6.3,6.56,4.2,7.11,5.33,0.58,3.83,1.11
194206,2.53,5.04,1.46,3.6,3.2,1.93,4.68,1.61,1.66,1.51
194207,2.86,0.55,3.99,2.49,3.2,4.97,5.09,2.18,4.03,8.11
194208,2.02,1.09,3.22,1.57,1.31,2.05,1.47,2.01,2.76,1.47
194209,5.22,2.73,3.26,1.52,2.13,3.14,2.66,2.58,2.99,5.21
194210,14.13,10.99,7.38,6.46,6.63,5.42,5.99,6.68,7.76,7.63
194211,-1.5,0.49,2.67,-0.15,-1.01,-1.33,0.65,-0.92,-1.13,-1.55
194212,2.88,3.5,2.39,4.74,8.12,4.75,7.52,7.9,5.42,6.43
194301,10.94,7.68,7.5,4.83,8.43,7.95,7.23,6.01,8.21,8.93
194302,15.1,4.29,5.52,6.17,6.17,3.76,5.9,5.11,8.49,9.31
194303,9.09,6.74,2.68,6.46,3.99,5.85,5.31,9.31,9.86,12.49
194304,-2.73,-1.68,1.23,-0.02,0.41,-0.94,0.97,2.46,4.44,12.73
194305,3.82,5.09,4.89,5.77,5.08,6.46,6.59,6.39,7.74,15.59
194306,2.02,0.72,2.96,3.69,1.73,2.9,1.5,3.63,0.97,-3.65
194307,-1.83,-4.93,-4.46,-4.04,-5.5,-6.15,-5.79,-4.55,-7.79,-13.41
194308,0.58,0.56,0.91,1.78,3.16,1.76,2.8,0.05,2.86,-1.09
194309,1,2.07,2.18,2.92,2.87,2.36,3.1,1.64,3.38,6.05
194310,-0.01,-1.05,-0.78,-1.3,-1.21,-1.57,-2.39,-0.44,-1.84,0.28
194311,-7.61,-5.29,-3.63,-5.23,-6.45,-6.65,-3.8,-9.06,-11.03,-14.25
194312,3.82,5.93,4.72,7.19,8,6.97,9.36,12.23,12.37,15.6
194401,0.86,2.4,1.15,3.84,1.37,1.67,1.93,4.69,1.27,3.13
194402,0.93,-0.68,-0.4,1.87,0.36,1.35,0.47,0.24,0.21,0.13
194403,0.9,2.14,1.83,2.23,1.7,3.33,3.76,2.71,6.63,7.72
194404,-3.88,-1.83,-1.65,-2.27,-1.45,-1.6,-1.03,-1.05,-1.76,-2.42
194405,3.36,3.48,4.27,5.69,3.68,5.78,5.87,6.89,6.59,5.92
194406,14.59,11.53,5.57,6.1,4.69,4.18,4.93,5.38,5.84,2.51
194407,-2.59,-1.41,-1.28,-1.96,-1.29,-0.31,-2.89,-1.08,-1.11,-2.57
194408,-0.43,0.66,0.85,2.58,1.11,1.85,3,3.78,5.94,7.07
194409,-0.27,0.04,0.75,-0.38,0.62,-0.34,-1.65,-0.76,-0.59,-1.92
194410,1.82,0.42,0.87,0.03,-0.06,-1.14,-1.01,-0.72,-1.72,-2.71
194411,1.76,1.4,0.93,2.36,1.43,2.13,2.02,2.89,2.31,3.52
194412,3.85,1.68,4.61,3.47,3.76,6.06,9.14,8.74,9.39,9.73
194501,3.2,0.68,2.87,2.18,2.29,0.92,2.78,1.59,3.05,3.48
194502,6.25,5.17,4.84,6.14,5.94,8.04,7.37,9.48,7.38,10.95
194503,-2.09,-3.77,-3.56,-4.14,-4.41,-4.36,-5.6,-5.87,-6.52,-5.58
194504,4.78,7.03,8.05,7.56,9.31,10.54,9.33,8.69,12.62,14.52
194505,2.49,1.45,2.01,1.23,0.54,1.72,2.01,2.25,3.08,1.74
194506,0.38,-0.97,-0.35,-0.41,-1.39,0.58,1.83,2.98,6.7,7.94
194507,-2.49,-0.52,-3.16,-0.95,-2.18,-1.89,-2.05,-2.85,-5.45,-8.28
194508,7.76,5.65,5.87,7.43,7.05,7.4,5.9,5.1,4.22,3.02
194509,6.21,5.21,2.42,4.83,4.5,5.26,5.75,6.15,8.06,8.13
194510,5.2,3.17,3.16,4.3,2.48,6.37,2.94,3.93,3.69,9.2
194511,4.51,4.33,1.91,6.54,4.22,7.38,7.87,11.22,11.83,8.96
194512,0.39,1.3,0.68,0.37,1.08,1.62,1.03,2.44,3.34,5.74
194601,4.8,4.35,4.98,6.59,11.64,6.52,8.9,9.75,5.24,11.11
194602,-4.37,-5.65,-6.03,-5.2,-5.72,-5.43,-8.06,-6.79,-7.71,-6.58
194603,8.11,2.98,6.69,5.36,6.15,5.57,7.84,9.02,7.29,8.32
194604,4.68,3.96,3.39,2.97,4.53,5,4.58,6.84,5,4.77
194605,4.99,3.88,2.87,4.91,4.16,3.75,4.93,2.52,5.66,3.11
194606,-4.42,-1.56,-1.65,-4.2,-5.15,-4.73,-5.75,-5.24,-6.3,-4.38
194607,-3.84,-1.91,-2.63,-2.09,-2.99,-3.42,-2.84,-3.49,-3.53,-2.36
194608,-7.69,-6.74,-7.08,-5.32,-5.37,-5.67,-7.01,-7.71,-5.82,-6.63
194609,-14.54,-11.34,-7.66,-9.58,-8.13,-10.24,-8.51,-9.81,-10.59,-14.19
194610,-2.87,-2.79,-1.44,-1.71,-1.94,-0.17,-0.5,-0.42,-1.29,-1.6
194611,-3.96,-2.02,1.59,-1.57,0.73,2.34,1.65,-0.69,-1.45,0.16
194612,3.75,3.55,6.4,3.5,5.22,5,5.13,3.7,4.53,7.43
194701,5.79,4.55,8.67,4.83,1.95,2.05,1.24,-0.66,-2.47,-2.98
194702,0.04,-2.22,0.73,-1.65,-0.33,-1.66,0.18,-1.24,-1.65,-2.41
194703,-6.96,-4.42,-3.38,-2.8,-1.22,-1.22,-1.91,-0.64,-0.3,-0.16
194704,-11.51,-8.84,-8.29,-6.76,-4.39,-4.35,-3.41,-2.69,-5.39,-4.38
194705,-6.99,-3.1,-3.68,-1.51,0.46,-0.02,-1.29,-0.34,-0.75,-0.44
194706,7.42,4.67,5.91,7.23,4.42,6.36,6.37,5.7,4.19,5.23
194707,9.03,9.67,5.93,7.06,6.51,4.4,5.64,3.69,2.1,3.79
194708,-5.52,-4.34,-3.04,-2.05,-3.26,-2.59,-0.82,-0.41,-1.07,-2.44
194709,3.81,-0.88,-0.45,-0.66,0.11,0.04,-0.26,-1.71,-0.58,-0.07
194710,-0.53,2.18,2.81,1.36,0.92,3.33,3.64,2.45,2.8,4.5
194711,-5.81,-4.17,-4.92,-3.99,-1.59,-2.65,-0.13,-0.24,-1.52,-0.41
194712,-0.43,0.45,1.3,2.93,1.66,2.77,4.61,4.05,3.49,5.31
194801,-0.14,-0.24,-1.72,-1.6,-2.37,-4.42,-4.76,-4.38,-6.21,-4.72
194802,-8.1,-6.76,-5.24,-4.79,-2.88,-4.44,-5.29,-3.58,-4.26,-3.66
194803,14.69,11.57,7.19,11.18,7.13,5.29,6.8,9.14,8.29,12.83
194804,0.47,1.14,2.12,2.01,2.79,1.37,3.36,5.05,6.99,7.03
194805,7.27,6.63,4.2,9.5,7.79,8.06,5.48,7.65,10.02,7.76
194806,-5.19,-1.82,-0.37,-0.77,-1.41,1.61,0.36,1.07,0.04,3.3
194807,-3.3,-3.97,-3.46,-4.48,-5.8,-5.41,-5.66,-5.25,-6.03,-6.09
194808,1.13,0.94,0.69,-0.44,0.59,1.26,-0.2,-0.13,0.82,-0.19
194809,-6.35,-3.23,-1.28,-1.78,-1.66,-2.93,-3.07,-3.36,-3.96,-5.94
194810,4.02,4.96,5.22,4.04,3.56,5.57,8.11,7.35,7.16,7.07
194811,-15.86,-8.75,-11.28,-7.49,-7.7,-8.23,-8.03,-11.06,-9.8,-11.72
194812,-0.61,0.54,0.13,5.17,2.36,2.81,2.11,4.28,4.37,5.5
194901,5.91,3.63,0.71,2.14,1.48,-0.14,1.41,-0.68,-1.52,-1.65
194902,-5.28,-3.01,-3.43,-1.55,-1.59,-3.33,-1.63,-2.56,-3.96,-4.2
194903,9.05,5.5,4.7,4.67,2.6,3.58,4.37,4.17,3.8,6.84
194904,-4.73,-5.44,-3.85,-3.52,-1.78,-0.64,-2.4,-1.31,-1.6,-0.43
194905,-6.8,-4.86,-4.27,-3.93,-3.72,-3.58,-1.9,-3.14,-1.2,-2.21
194906,1.3,-0.01,1.89,1.36,0.26,-1.12,-0.22,1.05,-0.36,-0.48
194907,7.1,7.07,7.01,6.6,6.23,5.65,6.52,5.35,4.03,4.8
194908,2.44,3.3,0.98,3.24,3.45,2.9,1.63,2.52,3.79,2.57
194909,6.05,5.93,5.17,2.85,2.74,3.33,1.91,2.79,2.66,4.67
194910,3.96,2.84,3,3.11,4.08,2.58,3.04,3.06,2.16,5.18
194911,-0.83,0.51,2.71,-1.2,1.34,1.45,2.81,2.24,2.83,3.67
194912,10.57,5.62,6.88,4.51,3.22,3.92,5.6,6.8,4.68,6.44
195001,5.8,4.71,2.87,1.99,0.96,0.79,0.41,1.99,1.43,2.85
195002,-0.49,0.53,0.23,0.71,1.22,1.62,1.65,2.77,2.86,2.06
195003,-2.57,2.24,1.72,1.73,0.55,0.83,0.59,2.91,0.01,1.87
195004,5.27,4.27,2.47,2.68,4.32,2.63,3.15,3.87,8.65,3.3
195005,3.08,4.38,4.98,3.28,4.45,4.1,3.82,4.27,6.1,3.53
195006,-5.92,-5.02,-5.13,-5.12,-4.92,-7.69,-6.47,-6.55,-5.53,-7.26
195007,3,6.71,-1.16,2.69,4.08,3.76,1.88,0.93,-0.84,0.38
195008,3.38,1.78,3.67,3.65,3.43,4.44,5.22,5.42,7.9,7.95
195009,6.29,5.43,4.57,5.74,4.23,3.44,4.65,5.11,6.01,3.87
195010,-1.02,-2.34,0.6,-0.23,-0.01,-0.43,0.22,0.61,0.49,1.7
195011,-1.58,-0.19,0.25,4.25,3.93,7.59,1.93,4.25,6.11,1.46
195012,1.76,2.4,3.29,6.06,7.36,5.67,7.23,8.45,4.5,9.57
195101,5.77,5.2,3.9,2.53,7.38,3.38,6.78,5.78,7.76,6.37
195102,2.22,2.01,3.28,1.47,2.28,2.05,1.63,0.9,-0.04,-0.72
195103,-0.08,-2.03,-1.36,-0.06,-2.37,-3.35,-0.87,-3.01,-3.34,-4.66
195104,0.57,0.57,1.93,2.41,3.57,7.34,6.13,8.85,8.39,7.8
195105,-1.3,-0.89,-0.36,-2.57,-2.35,-2.44,-3.76,-1.83,-2.49,-3.73
195106,-2.01,-0.86,-1.51,-3.08,-2.12,-4.35,-2.04,-3.9,-0.52,-3.99
195107,3.65,3.87,4.61,5.69,4.14,6.49,9.18,10.85,12.07,11.91
195108,4.18,4.86,2.8,4.66,3.47,6.55,4.02,5.59,4.62,2.06
195109,0.11,0.67,0.06,2.15,1.71,1.17,2.01,2.13,-0.11,-0.94
195110,-2.33,-2.1,-1.47,-1.69,-1.53,-3.68,-5.08,-4.39,-2.11,0.58
195111,0.41,1.1,0.46,1.25,0.88,0.19,1.09,0.69,0.18,0.88
195112,1.78,1.32,2.65,0.94,4.72,2.67,4.04,4.66,3.77,5.11
195201,1.61,1,1.87,-0.85,0.07,2.57,0.1,2.44,3.16,3.92
195202,-3.47,-2.93,-2.6,-1.53,-2.3,-1.01,-1.82,-2.07,-3.22,-3.98
195203,2.98,3.8,3.47,2.75,2.06,5.94,2.87,3.78,5.37,7.36
195204,-6.14,-3.79,-3.55,-5.04,-2.22,-3.8,-3.17,-4.05,-7.17,-7.64
195205,2.53,4.6,2.77,2.76,1.96,3.98,3.4,3.48,3.03,3.79
195206,2.44,2.77,3.05,4.27,3.63,2.37,4.63,3.88,4.79,4.79
195207,2.11,2.42,0.83,1.13,1.26,1.67,0.83,1.83,0.57,-0.41
195208,-0.65,-0.76,-0.75,-0.45,-0.4,-0.86,0.22,-0.35,-1.63,0.43
195209,-4.05,-3.45,-2.84,-2.14,-1.45,-1.99,-1.39,-0.96,-2.11,-0.9
195210,-2.18,-2.83,-1.74,-1.58,-1.39,-0.02,0.02,-0.02,0.55,-0.92
195211,8.15,6.1,5.39,5.62,6.61,5.76,4.7,6.3,7.18,6.61
195212,0.61,2.32,2.39,1.53,2.9,2.7,3.26,3.63,2.37,5.11
195301,-0.85,-0.31,-1.04,-0.5,-1.79,1.57,0.47,-0.53,0.26,-0.35
195302,0.23,0.15,-0.45,-0.41,0.19,0.1,-0.8,0.48,0.23,-0.62
195303,-1.53,-1.7,-0.92,-0.83,-0.12,-1.31,-1.06,-1.46,-0.4,-3.81
195304,-5.87,-4.42,-3.86,-2.92,-1.76,-1.74,-2.73,-1.21,-1.82,-1.83
195305,-1.4,1.42,0.83,0.54,-0.31,0.38,0.76,1.19,0.92,1.51
195306,-3.07,-0.3,-1.45,-2.24,-1.91,-2,-0.81,-2.83,-1.78,-2.37
195307,1.76,3.69,2.54,2.66,1.74,3.01,2.17,2.47,2.55,2.18
195308,-6.85,-5.44,-5.1,-5.78,-3.05,-4.39,-3.13,-4.39,-2.8,-5.76
195309,-2.66,-1.42,-0.44,-0.87,0.09,0.68,0.3,1.04,2.75,1.32
195310,2.1,5.16,5.39,3.9,6.1,4.6,4.28,3.84,5.22,3.69
195311,1.94,1.05,1.43,2.25,2.6,3.21,2.77,3.67,3.76,4.7
195312,-5.06,-3.04,-2.44,-1.4,0.37,-0.01,1.37,1.66,0.99,1.19
195401,7.4,10.71,8.97,6.19,6.58,6.16,2.56,3.79,3.55,4.85
195402,0.92,0.8,1.42,0.58,1.26,1.1,2.49,1.22,2.06,3.49
195403,3.28,3.36,2.08,1.54,3.09,3.04,2.5,3.08,5.52,7.23
195404,-6.54,-1.22,1.47,2.7,2.18,4.53,3.81,6.5,3.9,8.13
195405,10.4,3.64,6.17,4.63,3.23,3.11,4.21,3.85,1.77,0.96
195406,-1.37,-2.75,-1.31,0.49,0.53,1.56,0.81,-0.43,-0.59,4.85
195407,6.11,4.99,4.46,7.48,4.33,4.53,8.2,4.39,5.07,2.84
195408,-0.72,-2.36,-1.9,-1.96,-1.26,-0.05,-2.55,-3,-2.88,-4.18
195409,5.07,5.19,6.41,3.73,3.24,6.97,5.62,9.41,6.62,7.14
195410,-2.69,-0.94,-1.43,-2.1,-3.45,-1.45,-2.37,-1.08,0.19,-0.34
195411,9.01,7.6,5.96,8.91,6.78,10.14,10.53,11.58,10.06,10.75
195412,11.13,7.22,3.31,5.59,4.5,6.44,5.08,6.16,5.31,6.52
195501,-0.63,0.16,0.47,1.03,-0.84,-1.32,1.78,0.11,3.12,4.16
195502,2.36,4.16,2.43,2.73,3.06,3.16,2.08,3.2,4.02,3.7
195503,-0.01,-0.73,0.01,-0.78,0.45,0.38,-1.24,-0.33,3.15,1.76
195504,2.37,2.59,1.76,2.74,2.48,3.36,5.22,2.21,1.94,2.82
195505,-0.7,1.4,-0.07,1.28,0.71,1.73,2.23,2.78,-0.16,1.96
195506,5.62,2.89,3.05,7.72,8.73,4.79,7.81,10.47,9.32,8.21
195507,0.47,0.51,1.96,0.97,0.6,3.13,9.45,-1.78,-0.37,-0.39
195508,0.15,-1.15,0.36,0.23,2.05,1.29,-1.34,-0.83,1.49,3.83
195509,-2.37,-2.04,-0.28,-1.33,-2.61,-0.94,-0.86,-0.64,-1.23,5.48
195510,-2.38,-1.15,-2.02,-1.62,-3.48,-1.07,-1.32,-3.86,-2.35,-5.26
195511,6.47,5.55,3.47,4.27,9.67,5.63,7.5,9.02,8.37,9.01
195512,2.14,2.59,4.01,0.08,2.51,0.81,2.42,2.91,0.85,-1.01
195601,-2.62,-2.5,-0.08,0.32,-0.93,-2.36,-3.91,-2.88,-3.44,-5.94
195602,3.69,2.25,2.37,2.7,2.43,4.57,5.01,4.59,3.95,5.37
195603,1.05,6.27,4.29,4.68,4.66,6.79,7.15,8.54,8.65,6.65
195604,-1.52,-1.84,-0.82,0.24,-0.73,-0.93,0.08,-0.14,1.53,1.92
195605,-6.24,-3,-2.1,-2.32,-2.8,-4.34,-4.98,-5.99,-6.36,-5.54
195606,1.26,1.74,2.95,1.5,1.8,1.87,4.04,5.35,6.38,3.36
195607,2.64,3.25,3.21,4.47,5.54,4.68,5.48,4.58,5.74,8.06
195608,-1.08,-1.96,-3.27,-1.99,-0.79,-1.65,-2.03,-5.1,-3.85,-4.63
195609,-2.46,-4.76,-4.8,-4.36,-3.25,-2.39,-5.32,-6.35,-6.2,-6.88
195610,-0.39,0.36,0.44,-0.5,-0.52,1.24,1.43,1.51,1.72,1.18
195611,-1.75,-3.36,-0.29,0.48,0.63,-1.3,0.32,3.19,1.82,2.56
195612,1.55,3.08,2.12,2.54,2.53,2.98,3.46,4.27,2.96,7.38
195701,-0.91,-2.95,-0.77,-1.91,-2.34,-3.81,-2.33,-3.17,-6.3,-5.66
195702,-3.83,-2.95,-1.27,-0.22,-0.43,-1.78,-1.27,-2.8,-4.06,-0.84
195703,3.59,1.34,1.8,2.94,3.47,2.67,2.31,1.91,1.79,3.94
195704,3.83,3.55,4.98,6.08,4.45,2.03,3.29,4.29,4.27,7.07
195705,3,4.32,2.6,3.15,5.37,2.9,1.52,5.01,3.34,5.6
195706,-0.03,-0.71,-0.82,-2.22,-0.96,-0.78,-0.59,1.07,-2.89,2.4
195707,-1.84,-0.84,2.11,3.5,-0.12,0.46,1.16,1.45,0.5,-1.15
195708,-8.79,-5.23,-5.6,-3.44,-4.96,-1.44,-4.89,-5.47,-5.69,-6.91
195709,-7.85,-5.6,-5.22,-5.43,-4.82,-4.33,-4.71,-6.49,-6.9,-5.89
195710,-7.94,-6.52,-5.65,-3.79,-2.87,-4.86,-3.58,-4.79,-3.26,-3.08
195711,5.25,1.85,3.55,-2.25,1.65,2.34,4.6,1.12,4.78,6.62
195712,-11.63,-9.42,-8.63,-6.58,-4.27,-3.84,-1.7,-0.84,-1.24,-2.52
195801,14.03,8.98,9.07,5,6.45,4.3,4.61,3.31,3.44,2.23
195802,-4.76,-3.26,-2.58,-3.01,-0.17,-2.45,-1.82,-1.19,-0.18,0.2
195803,4.74,7.81,5.24,1.06,4.06,2.64,2.08,2.32,2.4,4.92
195804,2.42,0.24,2.39,1.91,5.48,5.17,2.4,2.32,2.77,3.5
195805,3.32,4.11,4.24,3.9,0.03,1.99,2.23,3.44,1.82,1.29
195806,4.46,4.81,2.51,3.57,3.03,2.62,1.62,2.76,2.61,3.36
195807,12.29,9.4,0.52,6.63,6.31,6.94,1.94,2.69,1.92,1.71
195808,2.73,2.8,2.25,1.5,2.13,2.33,2.48,1.28,-0.01,2.42
195809,7.37,4.9,4.99,5.01,4.55,4.27,5.41,2.32,5.56,5.62
195810,4.13,-0.16,2.34,1.2,3.51,2.96,3.38,5.11,4.69,6.14
195811,0.33,2.9,2.49,3.65,2.16,4.07,3.13,2.92,5.18,6.88
195812,5.59,3.13,8.4,4.48,5.31,5.42,5.36,3.89,6.37,5.28
195901,0.45,0.86,1.54,2.49,0.87,-0.2,0.93,1.76,0.89,0.47
195902,0.25,-1.09,-1.21,2,2.29,2.05,-1.72,3.59,3.19,4.2
195903,0.52,1.11,0.79,1.65,-0.07,-0.49,1.17,-0.67,0.34,3.91
195904,0.87,2.93,3.52,2.02,4.02,5.12,5.05,5.28,5.29,8.74
195905,0.69,-0.81,2.56,3.19,1.07,0.31,4.47,7.59,0.88,0.15
195906,-1.26,-2.52,0.06,0.92,0.03,-0.87,-0.55,1.68,0.77,5.83
195907,4.29,3.5,3.28,3.73,3.56,5.16,3.8,3.39,1.69,-0.32
195908,-3.15,-2.51,-0.4,1.62,-0.7,-0.6,-0.43,-3.14,-1.05,-2.39
195909,-6.49,-6.7,-3.38,-3.8,-4.68,-3.26,-4.79,-4.06,-3.99,-5.18
195910,0.48,-0.54,1.71,2.29,1.02,-0.15,0.59,4.07,1.05,8.72
195911,-0.17,-0.04,1.49,0.64,1.28,1.52,3.29,0.27,4.67,6.38
195912,1.84,4.3,1.77,1.11,3.91,2.74,3.91,3.71,1.86,1.08
196001,-5.47,-5.92,-4,-6.52,-3.12,-7.65,-9.55,-8.68,-6.35,-7.86
196002,-1.9,-2.93,-1.36,0.79,-0.18,4.73,-0.23,3.52,0.97,6.49
196003,-4.92,-1.53,-0.44,-3.01,-2.43,0.22,-1.54,-1.52,0.55,-1.31
196004,-3.68,-3.17,-1.96,-2.75,-1.01,-1.05,-3.46,-0.33,-1.01,1.35
196005,1.58,-0.05,-0.69,2.53,1.36,2.08,3.24,2.62,7.93,8.78
196006,-0.89,3.92,1.31,1.08,2.8,2.13,2.97,2.1,3.22,3.11
196007,-2.71,-0.41,-0.8,-2.21,-1.92,-4.12,-2.65,-2.9,-1.35,-3.58
196008,4.55,0.75,2.52,2.95,2.05,2.66,3.84,3.46,4.43,2.99
196009,-6.5,-6.34,-3.52,-5.65,-5.82,-6.07,-5.26,-7.59,-5.42,-7.78
196010,-2.63,-0.89,-1.17,-0.78,0.31,-0.92,1.55,0.96,-0.33,-1.17
196011,1.66,3.72,3.17,1.49,5.22,4.46,5.68,5.54,4.93,9.35
196012,7.54,2.9,3.69,2.12,5,3.22,4.06,5.46,6.1,7.99
196101,8.77,9.33,5.74,8.33,7.81,6.43,6.24,4.1,6.24,4.55
196102,7.79,4.05,3.92,1.13,5.34,3.52,3.94,3,3.8,4.91
196103,4.76,1.41,1,1.66,1.84,2.69,2.49,1.66,5.93,4.51
196104,-6.17,-0.27,-2.36,-0.66,-0.1,0.67,4.03,1.82,0.73,0.6
196105,7.43,3.82,1.44,3.19,3.95,2.87,1.88,1.2,3.2,1.34
196106,-4.42,-3.59,-1.41,-3.71,-2.27,-2.34,-3.05,-3.19,-2.7,-2.08
196107,1.48,1.99,3.35,3.45,3.26,2.74,2.75,4.34,2.54,1.83
196108,2.4,2.41,0.87,1.16,2.61,3.69,2.45,2.6,5,6.55
196109,-0.72,-4.54,-1.02,-3.28,-2.27,-0.87,-1.84,-1.53,-2.74,-2.48
196110,1.16,-0.56,2.75,1.53,2.81,3,2.1,4.82,4.18,3.64
196111,4.88,3.08,3.81,3.98,5.16,4.24,6.38,4.08,2.69,8.56
196112,3.17,0.64,-0.77,1.86,2.44,1.69,0.67,-3.12,-0.99,-4.38
196201,-3.93,-2.69,-3.62,-2.29,0.49,-4.46,-2.78,-3.54,-5.71,-6.31
196202,-0.7,1,1.4,1.82,3.87,3.43,3.9,0.24,0.53,1.81
196203,-0.85,-2.33,-0.68,-0.48,-0.2,0.05,-0.73,-0.04,0.85,-2.28
196204,-8.48,-9.37,-8.34,-6.03,-5.87,-4.29,-9.66,-5.22,-5.33,-4.37
196205,-11.12,-8.42,-8.52,-7.75,-8.84,-7.27,-10.07,-7.61,-7.45,-10.83
196206,-13.96,-12.83,-12.06,-10.18,-10.18,-7.8,-7.91,-7.28,-5.54,-5.7
196207,8.98,4.63,3.13,8.33,6.07,7.18,4.96,7.51,6.33,6.19
196208,5.48,1.47,2.15,0.75,0.89,1.27,3.35,3.86,2.47,2.59
196209,-8.06,-7.22,-6.67,-8.33,-5.04,-4.91,-4.81,-3.98,-3.01,-2
196210,-1.34,0.69,-0.66,-0.87,0.33,2.05,1.31,-1.26,1.26,-0.26
196211,17.69,16.49,15.14,12.83,12.38,10.34,8.76,9.16,10.3,8.22
196212,-1.7,-2.61,-1.03,0.06,-1.43,0.79,2.52,2.4,1.92,4.66
196301,4.88,7.92,6.77,6.32,4.03,5.85,4.63,5.06,5.08,3.35
196302,-3.74,-2.3,-3.8,-2.83,-3.02,-2.82,-1.13,-1.39,-2.34,-1.6
196303,2,2.21,3.95,2.39,2.41,2.24,2.93,3.1,4.51,5.25
196304,3.55,7.75,4.14,5.12,4.14,4.04,5.1,4.47,4.22,5.05
196305,2.94,2.28,2.85,1.48,1.04,1.65,1.36,3.37,1.61,3.13
196306,-1.81,-2.8,-3.07,-1.26,-1.92,-3.67,-2.37,-0.29,-0.67,-2.12
196307,-2.77,-1.1,-1.04,-0.45,-1.03,1.65,-0.81,0.51,-0.48,0.22
196308,6.01,4.55,5.8,4.58,5.87,5.17,5.1,4.01,6.46,9.22
196309,-3.24,-2.74,-1.35,1.56,-1.75,-1.4,-0.61,-2.88,-2.62,-2.05
196310,1.81,1.71,0.03,1.83,2.79,2.8,1.06,0.89,8.25,5.28
196311,0.07,-1.41,-0.49,1.91,-1.09,-1.02,0.5,-4.09,-1.06,-0.09
196312,-2.44,-0.72,1.9,2.13,2.3,2.4,2.5,3.45,2.86,0.73
196401,0.97,0.95,0.18,1.73,2.73,2.23,4.08,4.03,1.87,1.95
196402,1.78,2.7,1.07,1.48,2.02,1.77,2.23,1.22,1.73,3.62
196403,0.49,1.95,2.3,1.65,0.74,1.47,2.48,1.02,2.16,3.58
196404,-0.54,2.02,0.55,-0.4,1.21,1.6,0.22,0.93,-0.4,-0.41
196405,0.25,-0.42,0.72,0.45,1.91,0.38,1.17,3.15,2.11,4.19
196406,1.11,1.66,1.1,1.43,1.93,2.57,0.09,2.5,0.25,0.98
196407,1.93,1.92,3.41,3.03,3.47,2.52,0.1,3.06,2.06,0.7
196408,-1.32,0.49,-1.11,-0.07,-1.32,-1.93,-1.51,-1.07,-1.73,-0.91
196409,5.77,3.02,3.74,3.06,2.6,2.31,1.81,3.74,2.24,6.37
196410,1.52,1.78,1.31,0.6,0.68,-0.48,1.89,0.71,1.02,0.01
196411,-3.05,0.32,0.76,-0.22,-0.31,0.2,0,1.79,-0.19,0.07
196412,-0.2,-0.25,2.37,-0.04,-0.77,1.1,-0.05,0.71,-1.19,-0.94
196501,7.79,1.75,5.93,4.54,4.83,5.18,2.95,3.05,2.02,4.63
196502,2.47,1.68,1.33,1.22,0.22,-0.81,-0.34,0.91,-0.22,2.95
196503,-1.12,-1.1,-0.12,-1.36,-0.75,-1.39,-2.05,-0.46,-0.69,0.32
196504,2.72,3.04,1.62,3.22,2.18,1.7,2.98,5.74,5.37,5.77
196505,-1.22,0.53,-1.19,0.2,0.59,-0.68,-2.24,0.98,-0.71,-0.82
196506,-3.42,-4.18,-3.26,-4.36,-5.49,-4.62,-6.26,-7.28,-7.78,-9.54
196507,0.94,0.1,0.32,2.65,1.28,0.07,2.89,3.13,6.14,7.47
196508,4.71,0.93,2.81,2.74,2.33,2.72,1.32,3.3,6.73,7.71
196509,1.87,2.68,1.72,1.49,5.06,1.19,3.18,5.98,5.58,4.93
196510,3.86,2.62,0.41,4,1.65,1.57,2.79,5.11,4.23,7.74
196511,-1.24,0.73,-0.88,-2.08,-2.48,0.37,2.69,1.29,1.45,8.51
196512,3.33,1.34,0.76,1,0.23,1.47,1.01,0.82,1.44,4.1
196601,-0.31,-0.64,-2.41,0.16,1.27,0.72,1.83,4.3,4.56,9.12
196602,-2.56,-2.35,-2.07,-2,-0.79,-2.22,-0.58,-0.21,1.48,8.31
196603,-3.82,-1.75,-2.56,-4.36,-0.9,-1.39,-1.77,-1,-1.1,1.05
196604,1.54,0.28,0.81,0.7,3.28,4.36,3.94,4.52,6.04,5.17
196605,-3.28,-3.98,-4.73,-3.95,-4.43,-4.59,-7.93,-6.14,-7.18,-11.03
196606,-1.52,-1.92,-2.25,-2.54,-1.44,-2.14,-0.5,1.5,0.55,3.6
196607,-1.78,0.59,-0.56,-0.92,-2.7,-3.08,-0.04,-2.96,-0.37,-2.15
196608,-5.01,-7.16,-7.55,-6.77,-8.51,-7.54,-7.62,-8.95,-9.62,-9.06
196609,-3.55,-0.22,2.54,0.53,-0.72,2.32,-1.88,-1.37,-2.28,-4.84
196610,2.31,8.17,7.16,6.85,6.37,4.86,5.24,0.4,0.94,-5.44
196611,-1,-1.87,-1.46,-2.46,1.76,7.49,1.95,3.23,7.29,12.11
196612,2.67,-0.25,-0.28,0.63,-1.26,0.51,1.54,0.46,0.05,1.42
196701,14.2,15.13,12.5,11.01,6.38,5.9,6.28,7.23,6.84,8.52
196702,0.33,-1.82,-1.1,0.12,0.16,1.35,1.11,0.01,1.99,5.27
196703,2.81,3.66,4.74,4.68,4.6,3.98,5.33,3.79,4.02,6.4
196704,6.59,6.67,5.44,3.87,3.25,2.42,0.47,3.65,5.3,6.42
196705,-6.95,-2.45,-5.02,-3.14,-1.85,-3.19,-5.12,-3.59,-3.78,-3.15
196706,2.47,0.21,1.69,1.82,-0.46,2.49,1.92,3.6,6.16,8.35
196707,10.04,5.72,6.2,1.24,3.23,4.63,6.11,5.63,4.67,7.32
196708,-0.17,-1.04,-0.39,-0.32,0.01,-0.57,0.14,-0.79,-1.14,-1.77
196709,4.34,2.21,2.41,3.13,1.94,3.01,2.54,5.24,5.36,4.5
196710,-4.02,-3.13,-4.49,-3.55,-5.64,-2.47,-2.03,2.56,-1.89,0.67
196711,1.35,0.63,-0.61,-0.58,-1.79,1.48,2.68,2.41,0.93,1.14
196712,2.37,3.86,2.21,4.03,2.5,3.32,2.6,2.15,5.52,9.09
196801,0.01,-1.93,-1.26,-4.85,-3.39,-4.82,-6.36,-6.11,-5.63,-7.12
196802,-3.6,-1.98,-2,-1.95,-2.22,-4.64,-1.97,-6.69,-3.34,-9.04
196803,-1.96,0.27,-1.17,-1.43,0.88,1.65,-0.65,4.96,1.29,2.73
196804,10.96,6.58,6.23,8.37,8.51,8.06,9.93,11.65,13.74,19.51
196805,1.63,0.77,1.44,0.29,4,3.22,0.1,5.19,4.01,10.27
196806,1.75,3.89,1.99,0.42,1.4,0.37,0.99,-0.24,-0.89,0.88
196807,-2.37,-1.62,-1.52,-3.56,2.4,-3.05,-4.14,-3.85,-3.45,-4.41
196808,0.95,1.56,1.48,0.57,2,1.85,2.68,1.25,3.81,4.71
196809,6.95,6.87,4.13,3.24,4.21,3.89,2.93,2.03,5.68,10.04
196810,1.85,1.38,2.97,2.01,1.2,-0.2,-0.94,-0.26,2.73,-1.61
196811,8.55,7.05,2.92,5.36,6.55,4.27,4.3,7.72,7.85,10.03
196812,-4.88,-4.15,-3.99,-3.99,-2.23,-3.48,-3.17,-2.51,-3.54,-3.57
196901,-2.79,1.37,-1.91,0.19,0.06,-1.37,-0.1,-1.76,-0.48,-1.88
196902,-7.82,-5,-2.26,-6.3,-4.73,-5.89,-7.14,-7.59,-6.65,-10.14
196903,-1.14,3.82,1,3.03,3.49,4.51,4.74,4.58,4.01,5.57
196904,0.32,3.58,1.83,2.58,-0.09,1.34,2.45,2.25,2.37,3.53
196905,-2.76,-0.63,-0.35,0.17,1.34,0.18,1.3,0.77,-0.48,2.88
196906,-11.87,-6.94,-0.68,-6.49,-5.25,-7.48,-6.44,-6.27,-8.9,-11.28
196907,-12.21,-11.66,-5.21,-4.46,-5.25,-4.55,-7.11,-5.22,-7.86,-7.44
196908,6.41,4.49,3.43,3.33,3.56,5.54,3.9,3.55,7.17,10.5
196909,-4.46,-2.9,-4.36,-2.94,-4.1,-4.11,-1.43,-0.9,-1.95,-2.82
196910,10.64,9.29,9.43,3.8,4.38,6.17,6.23,3.21,4.6,6.72
196911,-6.91,-5.91,-4.68,-4.91,-5.36,-4.3,-4.27,-2.58,-2.24,-0.54
196912,-8.09,-6.34,-5.2,-3.78,-3.25,-3.25,-2.08,-3.07,0.99,1.37
197001,-6.64,-7.65,-9.34,-12.18,-7.06,-9.02,-6.27,-7.3,-5.86,-7.05
197002,3.66,4.51,6.62,6.7,7.05,5.28,5.95,8,6.73,3.19
197003,-3.86,-2.64,-0.46,0.24,1.87,2,2.85,1.16,-1.7,-2.96
197004,-17.43,-12.99,-8.39,-12.53,-9.85,-9.58,-8.54,-10.09,-10.19,-11.41
197005,-9.72,-4.78,-1.03,-0.92,-7.54,-8.56,-6.44,-6.62,-8.38,-6.52
197006,-11.43,-12.05,-6.45,-3.34,-5.18,-5.9,-6.35,-6.05,-5.06,-0.93
197007,4.72,12.3,10.3,10.92,9.24,10.76,5.45,7.6,5.96,4.26
197008,13.09,9.3,8.9,7.23,6.92,5.81,4.39,5.56,2.34,1.75
197009,22.94,12.38,7.68,8.24,6.75,5.46,1.89,2.62,1.29,4.15
197010,-14.79,-10.97,-4.66,-3.47,-1.12,-1.54,-0.54,-1.39,0.53,-1.22
197011,-1.43,5.09,2.66,3.82,5.29,5.25,4.37,5.94,5.9,5.74
197012,5.69,10.72,7.92,7.84,7.67,7.05,7.82,6.52,4.43,3.32
197101,13.45,11.45,11.17,8.05,3.5,6.52,6.22,3.06,4.1,2.13
197102,4.92,0.07,1.41,2.29,1.88,-0.58,1.65,1.28,1.37,3.98
197103,7.95,6.26,5.77,5.99,2.06,3.97,2.62,3.97,3.56,5.16
197104,3.8,2.5,4.81,0.28,3.5,3.78,4.5,5.25,5.28,4.99
197105,-5.84,-4.74,-1.83,-3.38,-5.25,-2.23,-3.23,-5.34,-2.81,-2.94
197106,-3.11,0.15,1.66,-0.02,-0.06,-0.14,0.24,-0.33,2.51,2.61
197107,-4.97,-3.73,-1.51,-5.33,-3.14,-2.93,-3.31,-5.36,-8.14,-6.22
197108,2.36,1.03,3.91,2.66,2.83,7.3,5.79,4.71,5.44,8.79
197109,-3.65,-0.96,-1.17,-1.44,1.07,0.79,-0.34,-0.55,-0.65,0.45
197110,-9.19,-4,-2.69,-2.25,-3.51,-3.61,-4.41,-4.42,-5.99,-4.09
197111,-3.45,-1.41,0.33,0.37,-0.42,0.21,0.81,-0.57,0.08,1.06
197112,11.78,10.68,9,7.76,8.18,9.4,8.49,8.68,9.93,10.84
197201,6.44,-0.43,1.46,4.35,2.09,3.21,2.58,1.91,2.05,5.9
197202,4.78,3.71,-0.21,-0.17,1.67,1.94,4.92,3.31,5.05,5.58
197203,-1.74,-2.79,-0.52,-1.68,-0.82,2.8,1.17,0.64,3.29,1.37
197204,-2.15,0.66,-1.47,-0.87,-1.26,1.29,1.14,0.24,2.69,1.26
197205,-1.79,0.71,-1.06,1.77,-0.97,-0.01,1.61,1.66,3.49,5.44
197206,-5.96,-4.04,-3.04,-2.33,-1.37,-2.32,-2.34,-2.65,-1.4,0.61
197207,-4.74,-2.67,-3.46,-1.03,0.71,-1.54,-1.3,1.24,1.99,-0.29
197208,4.4,9.25,7.36,6.57,5.26,7.05,2.42,1.11,2.1,-1.54
197209,-4.33,-3.29,-1.51,-0.98,1.64,-2.37,-2.41,-0.42,-0.14,0.49
197210,-3.37,0.05,1.24,-0.17,2.28,1.34,2.6,0.34,-0.05,1.71
197211,9.43,8.66,9.4,7.61,8.38,8.55,5.35,2.19,2.28,1.48
197212,-4.27,-3.08,-1.77,-1.52,-0.75,-0.83,1.47,1.88,2.17,5.31
197301,-10.82,-8.22,-5.86,-5.3,-5.31,-4.29,1.64,-0.98,-1.17,-2.97
197302,-9.26,-8.86,-8.69,-4.14,-4.2,-4.7,-3.04,-3.58,-2.34,-5.11
197303,-4.01,-3.31,-2.63,-3.88,-1.67,-1.25,-2.82,-1.1,-0.24,1.79
197304,-11.44,-12.96,-8.58,-8.52,-6.49,-4.55,-3.95,-3.2,-4.61,-3.1
197305,-12.84,-9.01,-8.53,-6.9,-4.84,-2.75,-2.06,-1.13,-1.38,-0.13
197306,-8.43,-5.49,-2.91,-1.56,-4.64,-3.34,-2.04,-0.02,-0.11,0.73
197307,20.97,12.96,15.15,11.5,11.28,10.15,7.18,3.08,2.84,2.3
197308,-7.15,-5.28,-5.37,-4.23,-2.42,-3.16,-3.07,-2.11,-4.12,-3.02
197309,10.99,13.15,14.97,11.23,10.41,12.27,5.49,-1.18,3.78,5.3
197310,-5.68,-5.57,-3.59,-1.94,-2.87,-4.33,0.95,-0.04,-0.58,3.94
197311,-23.16,-22.44,-19.82,-17.58,-11.33,-13.7,-9.58,-10.9,-9.16,-9.54
197312,-5.69,-4.57,-6.14,-2.78,0.15,1.35,-1.32,1.37,3.05,7.62
197401,13.03,8.42,8.5,6.48,4.33,3.84,-0.36,0.04,-0.16,-6.24
197402,-2.75,0.56,1.82,0.15,-0.68,-1.57,-0.78,0.06,0.42,1.63
197403,0.36,-1.97,-4.21,-1.2,-0.98,-0.49,-2.31,-2.48,-3.27,-5.15
197404,-10.55,-7.95,-4.4,-3.62,-3.62,-4.06,-4.86,-3.76,-4.76,-4.95
197405,-8.1,-5.29,-3.56,1.57,-1.79,-2.62,-3.87,-5.27,-5.21,-8.69
197406,-5.34,-6.22,-1.72,-2.72,-1.57,-1.15,-2.2,-2.16,-1.29,-1.36
197407,-10.82,-6.28,-10.46,-7.4,-7.93,-9.53,-7.72,-5.48,-4.69,-4.25
197408,-11.98,-9.15,-9.9,-8.61,-10.22,-9.51,-7.88,-7.29,-7.76,-8.86
197409,-14.02,-11.27,-13.28,-13.43,-13.01,-12.05,-11.25,-5.89,-8.49,-8.98
197410,14.5,19.91,19.54,20.24,13.46,9.72,17.49,19.75,14.39,20.41
197411,-2.97,-5.6,-4.3,-4.16,-5.29,-3.66,-4.86,-3.4,-1.17,-3.75
197412,-5.48,-6.44,-4.2,-3.45,-3.81,-1.17,-1.3,-1.92,1.02,-3.48
197501,31.14,23.61,19.92,13.1,13.47,13.49,7.11,9.54,13.11,11.44
197502,6.45,6.6,5.29,9.14,5.07,8.77,4.23,6.36,4.87,4.05
197503,8.19,3.11,5.06,3.06,1.28,3.09,1.33,0.3,4.02,7.16
197504,4.42,7.17,4.54,5.46,5.88,3.77,2.73,4.19,2.95,7.74
197505,5.63,7.49,5.82,5.44,5.37,6.76,6.46,3.99,5.27,5.03
197506,6.08,4,6.28,3.12,6.19,5.57,6.03,6.43,5.73,5.58
197507,-8.12,-8.65,-6.07,-5.05,-5.09,-6.64,-6.43,-5.13,-5.83,-4.05
197508,-4.44,-2.65,-1.79,-1.76,-2.25,-3.3,-0.88,-2.87,-3.01,-2.52
197509,-3.63,-6.69,-3.22,-3.17,-1.98,-2.63,-4.12,-4.75,-4.71,-1.77
197510,2.26,8.54,7.12,4.67,5.96,7.53,4.1,5.87,6.01,3.15
197511,3.22,5.71,3.33,3.55,2.16,2.88,2.11,2.21,3.11,1.55
197512,-1.6,-2.17,-2.06,-0.41,-2.5,-1.57,0.38,-1.37,-0.26,-1.32
197601,9.91,9.83,11.49,13.24,12.72,13.18,13.7,13.98,14.04,19.45
197602,2.45,0.86,1.13,0.45,0.85,-1.37,0.1,-1,3.25,5.22
197603,0.63,4.44,2.27,3.39,4.06,2.86,0.94,2.41,0.81,0.78
197604,-3.15,-2.89,-1.36,0.51,-0.32,-0.61,-0.08,-0.33,-0.16,-2.61
197605,-0.01,-1.74,-2.15,-0.16,-0.43,-0.97,0.29,-0.55,-2.14,-2.69
197606,7,4.97,3.41,4.64,6.71,2.29,4.99,2.95,3.66,4.61
197607,-1,-0.5,-2.21,-0.02,1.23,0.49,-0.59,-1.67,-1.7,-1.12
197608,-1.54,0.99,0.29,-0.36,2.06,-0.24,-0.66,-0.38,-2.44,-2.26
197609,1.84,1.6,2.29,3.04,3.32,1.78,3.89,2.78,0.99,2.37
197610,-3.61,-2.28,-2.12,-2.7,-2.4,-0.01,-0.73,-3.13,-2.53,-3.41
197611,-0.03,-2.49,-0.58,1.72,1.53,1.16,1.34,2.26,3.67,3.62
197612,5.13,5.45,5.29,6.2,4.57,5.59,8.15,8.45,6.73,8.29
197701,-9.32,-4.64,-6.31,-3.53,-2.44,-2.22,-2.02,-2.1,-1.17,2.53
197702,-1.83,-1.42,-1.56,-0.67,-1.85,-1.12,-2.08,-2.44,-1.8,-1.9
197703,-2.74,-1.64,0.05,-1.78,0.29,-0.55,-1.92,0.01,-0.9,-0.69
197704,-4.07,-1.75,-0.42,1.2,-1.47,2.87,1.41,3.84,2.03,3.94
197705,-2.4,-2.95,-2.65,-1.27,0.26,-0.47,0.68,-0.05,-0.16,0.59
197706,5.83,4.63,4.27,5.93,4.38,3.59,4.43,5.72,6.95,7.16
197707,-2.36,-2.14,0.04,-1.88,-2.14,-0.91,-0.34,-0.91,-0.8,-1.2
197708,2,0.84,-0.04,-3.32,-2.03,-2.5,-2.97,-2.2,-2.1,-2.04
197709,-2.18,-1.09,-0.65,0.81,2.4,0.46,0.98,1,2.06,1
197710,-4.91,-3.84,-3.79,-3.35,-4.77,-3.23,-2.97,-2.75,-3.66,-4.65
197711,3.32,3.92,3.83,4.01,3.74,4.94,5.65,6.64,7.18,8.63
197712,0.25,-0.64,0.83,1.53,0.88,-0.21,0.6,1.48,2.17,1.7
197801,-5.54,-5.97,-6.39,-4.83,-5.36,-5.48,-5.24,-5.44,-5.31,-3.88
197802,-4.39,-2.14,-1.18,-1.29,-0.11,-0.61,-0.85,0.06,1.83,1.41
197803,3.38,3.23,4.59,3.2,-0.41,3.9,4.08,5.6,6.24,6.57
197804,11.42,9.81,8.52,10.04,6,6.12,4.96,8.75,9.64,10.07
197805,1.85,1.79,1.66,0.93,0.35,2.74,3.56,4.63,5.85,8.95
197806,-4.78,-2.2,-1.23,-1.23,-0.7,-0.43,-0.96,0.48,0.44,2.13
197807,4.52,4.19,5.33,4.32,5.83,5.58,7.94,6.7,9.5,9.94
197808,4.1,4.75,3.31,2.89,3.1,4.29,3.85,4.89,7.9,10.41
197809,0.85,1.61,-0.47,-0.87,-1.36,-1.74,-1.93,-1.76,-2.28,-4.59
197810,-10.84,-7.37,-8.39,-8.18,-11.91,-12.46,-14.76,-16.15,-19.52,-23.02
197811,2.73,1.72,2.42,3.54,1.91,4.06,4.16,5.68,7.68,10.96
197812,-2.12,-1.17,0.34,-0.49,1.63,5.06,1.31,1.9,3.53,3.54
197901,9.63,6.46,4.97,4.91,3.79,4.24,3.75,4.51,5.48,6.62
197902,-2.67,-3.03,-1.87,-2.68,-3.05,-1.93,-2.72,-2.81,-4.75,-4.32
197903,8.46,5.09,4.87,2.94,5.85,7.23,6.21,8.2,8.85,10.57
197904,0.5,-0.72,1.62,0.51,-0.81,0.83,0.6,2.14,0.79,1.55
197905,-2.5,-1.31,-0.06,-0.42,-0.61,0.23,-3.55,-1.87,-2.31,-0.9
197906,5.68,4.68,3.36,3.3,5.59,4.36,6.08,3.2,7.18,6.8
197907,2.73,2.27,1.79,2.26,1.76,1.41,0.9,1.2,0.98,1.88
197908,8.33,8.3,6.26,6.13,4.45,4.43,5.55,7,7.97,7.34
197909,-3.72,-2.84,-2.71,-0.29,-1.83,-0.05,-1.29,2.95,2.64,4.19
197910,-13.27,-8.01,-6.98,-8.17,-7.34,-8.01,-7.22,-6.45,-4.45,-6.5
197911,2.21,4.82,4.07,1.83,5.62,5.98,8.82,9.97,11.23,12.55
197912,2.74,-0.42,1.06,2.11,2.76,2.86,1.4,5.08,3.2,8.92
198001,4.08,0.72,2.67,1.02,3.69,6.95,8.93,9.37,11.83,13.83
198002,-5.11,-3.67,-5,-5.32,-5.33,-0.73,0.66,4.26,6.59,5.17
198003,-3.73,-7.12,-6.43,-6.31,-8.82,-10.72,-12.86,-14.81,-16.66,-21.19
198004,6.78,6.17,6.96,4.29,2.57,3.56,5.17,3.38,5.18,6.85
198005,9.28,5.35,6.74,5.83,7.01,6.86,7.68,7.26,5.23,3.77
198006,4.7,2.33,3.49,1.71,1.51,2.98,3.01,3.97,4.06,6.31
198007,10.01,9.41,8.71,5.64,4.73,5.92,7.54,8.78,6.75,6.4
198008,2.7,2.39,-0.03,1.84,0.18,1.77,2.25,2.13,2.54,5.17
198009,0.08,-0.3,-0.2,-0.92,-0.88,2.44,3.03,4.51,5.87,8.35
198010,-1.74,-2.66,-1.31,2,-1.82,-0.67,2.01,5.85,5.31,5.29
198011,0.86,-0.51,1.58,5.4,7.74,13.15,12.42,16.39,21.83,17.09
198012,-0.28,2.84,2.75,-0.04,-1.49,-0.73,-5.42,-6.65,-7.74,-7.49
198101,-0.68,0.85,3.04,-0.19,-0.67,-2.7,-3.26,-5.32,-7.07,-11.26
198102,-0.11,3.85,2.08,1.85,2.03,2.81,3.09,0.39,2.22,-0.08
198103,10.18,4.61,2.71,7.03,2.17,3.24,2.83,3.85,6.29,8.29
198104,-1.44,0.33,0.08,0.84,-1.56,-2.74,0.41,-4.15,-1.32,0.54
198105,0.03,1.92,-0.63,1.29,2.18,-0.05,-0.33,1.71,2.32,6.3
198106,4.35,2.72,1.06,-0.55,-0.77,-1.6,-1.65,-3.23,-4.46,-8.46
198107,4.67,2.8,0.43,0.73,-1.95,-2.54,-2.22,-1.39,-1.25,-2.41
198108,-7.82,-4.75,-3.74,-4.74,-4.55,-6.11,-7.61,-4.95,-6.66,-8.48
198109,-9.95,-6.96,-5.32,-6.04,-4.32,-4.77,-6.32,-4.3,-5.03,-8.69
198110,3.47,6.01,2.53,6.39,6.09,5.28,7.09,5.84,8.5,12.06
198111,3.71,4.92,5.21,7.15,4.51,3.99,5.32,3.46,2.98,2.76
198112,-5.25,-4.16,-2.06,-2.49,-1.64,-2.36,-2.52,-3.05,-2.3,-2.63
198201,-4.81,-6.12,-1.15,-4.66,-1.63,-2.41,-0.11,-1.15,-0.1,-3.56
198202,-9.32,-9.67,-5.44,-6.46,-5.49,-4.09,-1.75,-3.12,-0.35,-4.9
198203,-4.44,-2.43,-1.3,-1.29,-0.78,-2.17,-0.1,1.68,1.69,-0.52
198204,5.68,4.34,4.83,4.07,4.29,3.73,4.72,5.44,2.75,5.22
198205,-6.44,-4.61,-3.58,-1.3,-2.91,-1.16,-2.91,-2.85,-3.02,-1.98
198206,-9.06,-5.39,-2.53,-1.01,-4.53,-2.74,-1,-0.72,0.05,0.84
198207,-6.66,-4.39,-4.06,-2.97,-4.52,-3.95,-2.48,-0.39,2.49,-1.38
198208,10.67,16.48,15.14,12.8,11.52,13.48,10.53,11.34,10.47,9.69
198209,-3.44,0.14,2.35,3.13,1.22,2.07,0.98,1.97,2.53,4.82
198210,13.82,12.31,13.05,10.94,9.22,16.68,12.5,10.67,10.36,13.93
198211,1.62,4.68,-0.19,5.94,4.17,5.3,6.85,5.57,6.59,10.13
198212,3.79,2.54,1.35,-0.75,-0.08,2.19,0.95,0.5,2.78,0.14
198301,7.03,4.78,4.67,8.89,4.47,1.64,2.41,1.89,4.51,2.54
198302,-2.03,2.27,2.54,1.17,3.58,2.88,4.15,4.26,5.05,6.89
198303,2.22,3.97,4.03,4.18,1.21,3.8,2.89,3.71,3.27,4.88
198304,6.6,8.55,7.6,6.46,5.44,5.88,5.36,10.55,4.82,10.69
198305,8.8,2.05,-0.31,0.59,1,-0.77,-0.24,-0.49,1.59,4.74
198306,4.78,4.9,2.5,0.82,2.01,4.4,2.24,6.41,4.81,5.77
198307,-2.69,-1.4,-3.47,-2.35,-2.33,-4.19,-1.83,-3.27,-3.77,-7.9
198308,-0.49,3.97,3.78,2.37,2.36,-0.64,-0.25,-2.38,-5.03,-4.5
198309,3.56,1.63,0.74,0.24,3.16,1.36,4.12,-0.91,3.36,1.13
198310,-1.84,2.17,-2.37,-1.21,-1.73,-1.41,-2.48,-4.83,-5.74,-9.42
198311,4.46,1.11,3.41,2.83,2.55,3.63,3.92,0,3.65,5.33
198312,0.27,-1.2,-1.22,-1.01,-2.1,-2.88,0.07,-0.12,1.16,-2.73
198401,-1.89,-0.72,0.94,-0.69,-0.83,-0.71,-0.46,-0.98,-3.01,-6.66
198402,-5.59,-3.86,-4.75,-2.42,-3.21,-3.98,-4.06,-4.29,-4.12,-6.03
198403,-1.16,1.6,1.94,1.91,1.67,1.83,0.86,1.6,1.14,2.31
198404,-0.99,-0.07,-1.05,-1.39,1.13,0.78,0.44,-0.4,2.2,1.66
198405,-8.76,-5.45,-4.84,-4.16,-4.9,-5.43,-4.72,-4.58,-4.63,-5.46
198406,1.21,3.91,3.51,2.17,4.16,5.4,2.03,1.28,1.77,1.51
198407,-6.97,-5.16,-1.17,-3.14,-1.95,-0.23,-1.18,-2.51,-2.15,-2.14
198408,13.56,16.07,13.93,11.5,12.45,12.83,11.72,9.72,8.17,8.73
198409,-3.36,-0.74,-1.49,-2.85,0.32,0.06,-0.53,2.26,1.14,1.27
198410,-3.38,-3.11,-0.08,-0.37,0.39,-0.44,1.08,1.25,0.8,0.64
198411,-4.63,-1.1,-1.06,-0.2,-1.24,-0.99,-0.86,-1.04,-0.73,-1.28
198412,1.01,-0.11,2.2,3.72,2.35,1.56,2.81,2.36,3.06,2.67
198501,16.56,13.81,11.69,10.1,10.68,9.67,7.48,6.52,4.86,6.45
198502,0.31,1.39,0.37,1.15,2.06,2.1,1.47,1.29,2.9,2.94
198503,-0.99,-0.78,-0.5,-0.48,-0.47,2.58,-1.53,0.75,0.36,-0.54
198504,-3.42,-2.31,-1.56,0.86,-0.08,-0.67,-0.26,0.69,0.57,0.03
198505,-0.52,2.11,3.33,5.94,4.14,7.2,8.05,6.4,6.25,7.59
198506,-1.23,-0.15,1.83,1.23,-0.02,2.14,1.98,3.31,2.9,3.82
198507,2.84,5.47,2.36,1.48,2.24,0.33,-1.02,-2.71,-2.02,-1.54
198508,-2.98,-2.1,-0.77,-2.05,-0.91,0.2,0.08,1.22,0.37,-0.89
198509,-8.89,-5.32,-3.45,-3.1,-4.31,-2.89,-3.57,-2.85,-4.41,-5.05
198510,0.15,0.25,2.33,4.21,3.91,4.59,5.82,5.44,5.67,7.45
198511,6.85,7.68,8.49,8.32,6.65,6.97,5.8,5.66,6.94,7.99
198512,3.49,5.25,4.37,7.51,4.59,3.14,3.75,4.4,4.14,3.97
198601,-2.14,0.93,1.88,1.09,0.08,-1.31,0.43,2.36,2.53,4.55
198602,4.67,6.42,6.57,9.59,5.89,6.96,8.89,7.43,8.99,8.48
198603,2.39,1.32,5.19,4.73,3.77,5.81,5.54,6.7,8.29,5.83
198604,-0.85,-0.22,1.38,0.09,0.53,-2.1,-2.43,-0.24,-2.99,0.17
198605,4.85,5.24,4.15,1.86,4.16,4.89,5.6,5.66,7.72,6.72
198606,-4.38,-1.72,-0.29,-0.21,0.55,1.84,2.79,3.56,4.31,3.26
198607,-11.79,-8.78,-5.76,-4.59,-5.86,-4.22,-5.22,-4.92,-5.85,-7.51
198608,11.78,12.06,9.12,8.89,8.47,5.83,5.75,5.44,4.54,3.79
198609,-1.54,-2.88,-3.96,-5.16,-5.39,-9.05,-8.61,-11.21,-10.33,-11.46
198610,1.62,3.36,3.85,1.26,6.13,5.34,5.95,6.76,5.65,7.29
198611,0.35,-0.21,2.24,2.53,1.27,2.87,1.12,1.54,1.55,0.55
198612,-5.3,-3.88,-2.51,-3.81,-1.48,-2.7,-1.7,-3.01,-3.33,-2.19
198701,14.18,10.11,10.93,11.01,10.65,13.27,12.49,12.9,11.99,18.21
198702,8.3,8.14,6.25,5.89,6.82,5.34,2.29,2.78,3.21,5.27
198703,0.19,4.23,-1.44,1.05,0.15,3.37,0.92,1.83,2.32,4.09
198704,-5,-2.11,1.52,-3.22,-2.47,-3.09,-3.9,-2.34,-0.16,0.39
198705,1.26,2.47,0.66,-0.99,0.44,-0.4,1.51,-0.21,1.63,0.71
198706,1.96,4.49,4.93,4.77,5.87,4.39,4.35,4.59,4.73,3.76
198707,3.04,1.58,3,2.83,4.91,2.68,5.93,6.79,4.29,5.59
198708,3.12,5.04,5.52,5.27,3.13,3.27,4.15,3.44,3.64,4.11
198709,-2.99,-1.54,-1.5,-1.6,-5.55,-2.14,-1.65,-2.63,-0.95,-0.29
198710,-23.82,-15.83,-15.52,-18.65,-21.48,-23.78,-24.28,-20.53,-26.27,-26.74
198711,-5.91,-4.34,-5.71,-6.86,-8.62,-7.7,-8.06,-7.84,-8.68,-6.29
198712,2.02,4.04,4.62,6.48,6.78,6.27,6.61,8.24,8.21,8.06
198801,7.49,8.88,11.34,7.96,7.16,5.77,5.51,3.92,2.55,-2.09
198802,8.88,10.27,5.94,6.25,4.61,4.08,2.98,3.59,6.42,7.54
198803,0.19,-0.01,-0.37,-1.11,-4.15,-3.21,-1.17,-3.01,-1.88,0.17
198804,-0.25,0.02,-0.19,2.01,-0.29,-0.41,1.24,1.26,2.07,1.77
198805,-3.21,0.17,0.78,1.72,-0.61,-0.49,0.54,1.42,-0.4,-0.96
198806,9.77,8.06,8.76,4.01,5.05,4.43,4.82,3.55,4.41,3.96
198807,-2.39,-2.26,-1.09,-1.38,-0.11,-0.19,-0.56,-0.09,-0.62,-1.16
198808,-3.64,-3.32,-2.42,-4.07,-1.84,-2.38,-2.65,-2.03,-2.91,-3
198809,2.01,3.14,4.99,5.17,4.9,3.62,2.88,2.31,3.99,4.43
198810,0.6,1.03,0.95,2,3.1,0.7,2.66,0.85,3.57,1.79
198811,-4,-0.92,-2.14,-1.02,-1.94,-2.41,-0.73,-2.26,-1.27,-2.06
198812,2.53,3.42,1.84,2.28,1.81,1.94,1.81,1.43,2.91,2.13
198901,8.55,6.13,7.91,6.51,5.06,6.11,7.07,5.63,7.94,6.73
198902,-1.61,-1.32,-1.83,-2.07,-1.95,-2.84,-1.91,-1,-0.92,1.51
198903,-1.9,0.82,-0.12,1.99,3.28,2.05,0.75,4.39,3.4,4.58
198904,2.23,4.61,4.34,5.04,4.84,3.49,5.84,5.58,6,5.65
198905,3.4,5.2,1.31,3.84,3.75,5.55,3.41,4.17,5.23,5.38
198906,-3.39,-3.28,0.17,0.32,-0.02,-1.43,-0.64,-0.21,-0.4,-0.32
198907,-0.81,4.05,5.17,6.96,6.66,7.37,7.44,9.59,11.74,9.43
198908,1.02,3.43,3.23,2.92,3.89,2.61,0.42,1.68,1.13,2.15
198909,-3.1,-0.67,-2.33,-2.63,-0.3,-0.78,-0.39,-0.21,0.66,3.85
198910,-9.94,-7.65,-2.75,-3.55,-2.93,-3.08,-1.37,-2.08,-2.51,-4.34
198911,-2.59,-1.69,0.07,-0.13,1.51,2.47,4.23,1.62,2.51,1.26
198912,-1.12,-1.32,-1.27,2.13,2.45,1.88,3.79,3.52,2.37,-0.44
199001,-8.77,-3.9,-4.63,-6.41,-6.31,-7.07,-6.01,-6.57,-8.23,-10.96
199002,2.07,4.79,2.33,2.52,1.41,1.45,0.68,1.2,1.79,1.43
199003,1.5,1.89,2.79,2.9,0.11,1.18,2.08,2.08,3.23,3.87
199004,-7.62,-4.73,-3.87,-3.78,-2.15,-2.9,-2.65,-2.47,-2.31,-1.57
199005,4.13,8.78,7.86,8.41,9.56,7.33,8.66,9.06,8.46,13.28
199006,-2.36,-3.68,-2.3,-1.67,-0.69,-1.48,-0.88,-1.6,1.28,1.69
199007,-9.27,-7.71,-6.74,-3.48,-1.66,-1.44,-0.88,0.22,1.38,-1.76
199008,-16.37,-12.54,-10.32,-10.87,-9.3,-9.67,-9.66,-7.64,-8.4,-10.3
199009,-13.56,-12.85,-10.89,-7.66,-8.43,-2.64,-2.29,-4.28,-4,-6.54
199010,-11.16,-8.97,-6.47,-3.47,-3.71,0.17,0.55,0.72,0.34,-0.9
199011,13.66,13.96,12.4,7.49,7.78,8.36,6.75,5.72,5.33,5.5
199012,-0.7,3.03,5.78,4.06,6.23,4.07,3.63,2.83,2.07,1.69
199101,8.56,13.88,13.26,9.79,5.13,6.25,3.93,1.2,2.38,6.05
199102,20.65,15.13,10.87,5.68,7.86,7.35,6.99,5.64,6.53,9.34
199103,5.88,4.98,0.17,1.68,2.39,1.4,2.38,3.08,1.87,6.5
199104,-1.63,2.52,4.11,0.25,-0.52,1.64,0.74,0.78,-0.72,-1.47
199105,1.5,7.04,6.55,3.16,4.16,3.86,2.99,4.04,4.06,4.05
199106,-4.18,-5.41,-5.79,-4.75,-5.25,-4.67,-4.53,-3.7,-3.39,-4.63
199107,1.78,3.41,2.78,3.19,3.62,3.18,2.55,5.74,7.73,7.76
199108,5.69,4.5,2.89,0.52,2.25,2,0.97,3.29,3.65,5.83
199109,-6.32,-2.6,-0.47,-1.79,-0.53,-0.68,-1.2,-2.28,-1.1,0.66
199110,0.74,-1.87,1.17,1.46,2.05,0.37,2.28,3.01,1.62,3.84
199111,-8.42,-5.26,-5.17,-2.61,-2.94,-2.55,-3.13,-0.69,-5.29,-5.39
199112,2.6,4.07,9.71,8.77,8.41,10.68,14.72,13.91,14.57,17.71
199201,5.74,1.24,2.52,0.24,-1.56,-1.66,-3.34,-0.62,-2.27,2.45
199202,1.88,5.76,1.23,1.86,0.16,1.08,0.46,2.07,1.67,0.84
199203,-5.38,-1.69,-2.69,-1.11,-1.66,-1.57,-1.19,-2.9,-2.79,-4.04
199204,0.48,5.5,2.15,3.71,2.41,2.99,0.79,0.29,-1.19,-2.47
199205,3.47,1.83,-0.59,-0.2,0.07,0.52,-0.19,1.93,0.97,2.31
199206,-5.67,-3.4,-1.04,-1.18,-0.39,-1.07,-0.8,-3,-4.38,-4.1
199207,2.58,4.22,2.97,3.37,4.46,4.53,5.05,3.9,4.5,4.06
199208,-3.44,-2.09,-2.1,-0.38,-2.01,-0.55,-3.45,-2.67,-2.6,-4.52
199209,-0.21,0.1,2.15,0.6,2.19,1.1,1.56,0.16,2.31,4.3
199210,2.31,0.16,-0.94,1.47,0.26,0.79,-0.45,2.26,2.53,5.29
199211,7.73,4.25,4.41,3.94,4.05,1.79,4.28,4.5,3.8,8.5
199212,-1.54,-2.87,-0.24,1.61,2.77,1.7,2.79,1.08,2.31,6.07
199301,1.36,-3.52,-1.93,0.23,0.34,1.01,2.5,1.94,4.75,6.36
199302,-2.35,-1.79,-2.51,-2.48,0.49,3.1,1.86,1.14,2.27,-0.68
199303,-2.88,0.95,1.87,0.83,2.47,3.49,1.09,3.51,5.07,4.71
199304,-5.92,1.2,-5.72,-1.52,-2.85,-2.43,-2.68,-2.47,-3.89,-3.24
199305,5.6,3.48,2.87,2.88,1.27,1.75,1.31,4.74,3.11,8.1
199306,-2.87,-3.67,-1.04,-1.96,0.03,0.43,3.33,2.88,3.22,3.03
199307,-5.53,-1.17,-1.82,-0.13,0.55,-0.25,-0.25,3.08,1.32,0.75
199308,2.96,4.57,3.22,3.11,2.27,4.05,2.4,5.21,4.2,8.6
199309,-3.02,-1.3,-1.07,-1.12,-0.62,0.9,0.91,0.09,0.43,4.88
199310,9.5,3.8,2.82,1.34,-1.07,-0.09,0.59,1.41,0.59,0.86
199311,4.42,2.84,0.25,-1.37,-2.31,-3.8,-3.02,-2.47,-4.05,-4.81
199312,0.76,-1.38,1.67,1.9,3.01,2.12,2.17,2.51,2.23,3.07
199401,6.69,3.94,2.78,0.96,3.11,2.06,3.02,3.45,3.08,4.8
199402,-1.54,-1.67,-2.68,-3.27,-2.15,-2.31,-2.44,-2.52,-2.74,-1.18
199403,-4.89,-4.17,-4.24,-2.89,-4.27,-3.89,-5.07,-4.65,-5.36,-5.47
199404,-1.48,0.41,1.68,2.35,1.46,2.02,0.4,1.11,-1.01,0.32
199405,1.46,1.61,1.48,0.64,1.79,1.07,1.32,0.5,0.55,-2.35
199406,-4.33,-1.38,-2.18,-1.64,-3.32,-3.04,-1.6,-2.16,-3.48,-6.1
199407,3.01,3.7,2.46,3.29,2.13,4.65,4.44,1.86,2.1,2.51
199408,5.37,5.12,2.75,3.12,2.19,4.37,4.03,5.66,5.78,8.45
199409,-1.2,-2.33,-2.6,-2.79,-2.15,-2.18,-2.08,-2.18,-1.93,0.82
199410,-0.48,1.57,1.52,2.58,2.06,1.98,1.04,0.58,2.44,2.95
199411,-3.19,-3,-2,-3.68,-4.69,-3.74,-3.51,-2.49,-4.39,-5.32
199412,-2.17,-1.11,1.01,-0.16,1.77,2.58,1.74,0.68,2.46,1.5
199501,1.67,1.95,4.21,3.77,2.71,1.78,3.71,2.95,0.87,-1.83
199502,3.14,5.03,4.69,5.54,3.04,4.55,3.93,3.45,2.99,4.23
199503,0.38,3.37,3.36,3.07,2.25,1.73,2.59,2.46,2.07,3.98
199504,2.58,0.86,0.09,1.34,1.83,2.5,2.67,2.88,2.53,4.72
199505,2.13,3.9,4.18,3.55,3.15,4.41,3.5,4.16,2.83,2.67
199506,7.05,2.02,2.61,2.45,0.84,1.61,1.14,2.4,3.82,7.21
199507,5.79,4.27,2.85,3.06,4.23,3.11,4.11,2.16,4.35,6.54
199508,1.25,-0.36,2.27,2.18,0.71,1.7,1.42,-0.12,0.73,0.74
199509,-1.64,1.86,2.49,4.22,2.38,3.82,4.29,4.72,5.65,3.27
199510,-7.42,-7.34,-3.33,-3.83,-1.09,-0.9,0.35,0.23,0.31,-0.34
199511,4.91,7.57,5.03,5.63,5.44,4.21,3.94,5.38,4.02,1.3
199512,-2.49,-0.61,1.03,2,2.31,3,1.55,2.21,2.82,-1.42
199601,0.2,1.72,1.66,0.55,1.16,1.71,4.01,3.11,3.99,2.69
199602,4.46,2.53,0.97,1.82,0.98,1.69,-0.03,1.2,3.14,3.55
199603,4.37,3.43,2.95,2.22,1.22,0.71,1.4,0.82,0.14,0.47
199604,10.25,3.63,5.73,2.96,1.71,0.26,0.66,1.69,0.5,6.35
199605,0.95,3.39,2.57,3.48,1.7,1.53,2.06,3.81,2.32,5
199606,-6.89,-2.86,-1.23,0.82,-1.77,0.01,1.41,1.46,-1.57,-4.12
199607,-11.4,-7.51,-6.14,-3.89,-5.27,-4.15,-3.54,-4.42,-4.71,-10.83
199608,4.53,4.33,5.13,3,4.37,2.85,1.89,2.78,1.65,5.79
199609,5.16,2.84,3.29,4.99,3.64,3.89,5.48,5.48,6.56,8.02
199610,-7.82,-4.05,-0.61,2.67,1.48,4.21,2.55,3.71,2.94,-1.03
199611,11.86,8.41,4.98,6.34,7.32,5.9,8.52,8.02,6.12,1.59
199612,0.71,-1.1,-0.32,0.38,-0.63,-0.7,-2.73,-2.05,-2.75,0.84
199701,3.09,2,4.44,3.2,3.11,3.54,5.8,7.69,6.15,9.1
199702,-2.96,0.07,0.66,1.64,1.22,1.03,2.74,0.78,-1.6,-6.84
199703,-7.83,-4.16,-3.63,-5.28,-2.81,-2.6,-4.99,-3.43,-6.39,-4.43
199704,-2.87,1.56,-0.24,1.49,2.66,2.86,5.93,6.93,6.93,8.97
199705,17.49,12.33,10.87,6.4,5.48,7.13,5.82,7.24,5.34,6.13
199706,1.44,1.79,6.07,3.67,3.07,3.62,3.89,4.36,5.93,4.51
199707,4.12,4.6,5.28,7.65,4.49,8.3,5.77,6.71,7.47,15.24
199708,1.55,1.38,-2.15,-2.33,-2.48,-3.27,-4.23,-6.58,-6.73,-2.68
199709,4.1,6.85,5.36,4.69,4.93,6.72,5.02,4.93,6.23,6.92
199710,-5.97,-4.89,0.28,-3.37,-1.43,-3.44,-2.83,-3.04,-1.64,-7.87
199711,-1.8,2.81,5.26,5.53,2.8,5.19,4.28,3.31,1.76,1.17
199712,-2.9,0.01,2.08,2.41,1.45,1.22,3.34,5.41,0.75,1.4
199801,0.05,-0.6,-0.46,-1.34,0.8,-0.74,2.24,-0.47,1.29,2.62
199802,8.43,8.5,8.09,8.04,7.4,8.84,5.22,6.4,6.43,9.83
199803,4.52,2.72,4.49,3.6,5.04,5.52,5,6.08,5.62,6.51
199804,4.66,-0.76,0.38,0.28,1.79,-1.09,-0.01,2.1,0.42,5.53
199805,-8.58,-4.5,-2.7,-2.49,-2.09,-1.73,-2.22,-2.62,0.1,-3.46
199806,-3.67,-1.44,0.46,1.79,0.66,2.15,7.22,3.24,5.37,9.62
199807,-7.21,-5.55,-1.63,-2.56,-4.18,-4.06,-0.68,-1.61,-1.09,0.95
199808,-21.69,-19.08,-12.82,-14.51,-17.67,-16.14,-14.12,-13.85,-13.59,-16.85
199809,14.01,8.34,8.39,9.5,6.96,5.74,3.69,6.84,3.56,8.52
199810,13.29,11.4,9.8,8.51,6.62,10.71,8.23,9.5,7.74,4.21
199811,3.54,3.12,8.87,7.74,5.96,6.71,4.1,6.76,5.16,7.53
199812,-1.01,0.96,-2.37,-1.33,1.86,1.87,4.29,4.52,5.9,12.99
199901,2.13,1.5,-1.11,-1.57,1.94,-0.25,1.18,1.3,0.63,9
199902,-6.92,-5.56,-3.72,-2.17,-4.6,-0.61,-2.54,-2.27,-4.98,-4.65
199903,10.56,3.33,2.64,2.61,3.04,-0.45,2.26,2.46,2.59,5.68
199904,17.87,13.06,14.67,11.86,11.95,9.79,5.89,10.32,4.03,-0.84
199905,7.25,4.83,3.94,1.12,-0.18,0.03,-0.51,-0.93,-3.3,-2.91
199906,1.43,4.85,2.48,1.1,0.85,-0.1,3.68,1.3,5.48,8.57
199907,-4.05,-5.03,-1.76,-3.68,-3.34,-2.94,-4.97,-4.13,-2.23,-1.69
199908,-5.31,-4.57,-1.61,-3.91,-4.05,0.1,-2.07,-0.51,-1.17,0.99
199909,-6.32,-5.38,-9.77,-6.87,-6.6,-3.78,-1.87,-0.4,-1.41,0.18
199910,-3.87,1.02,1.16,4.95,9.54,5.23,4.69,7.96,7.39,5.97
199911,2.81,4.7,-0.96,-1.65,-2.58,-0.82,0.68,0.05,1.05,10.42
199912,-0.34,2.36,-2.64,-3.81,-1.09,-2.74,-4.76,2.8,3.24,21.79
200001,-4.4,-2.99,-5.75,-3.87,-2.61,-0.66,-1.28,-3.14,-8.84,-2.71
200002,-3.09,-6.76,-8.8,-6.22,-10.6,-4.04,-6.18,-3.33,-2.93,23.07
200003,8.5,13.56,14.26,9.15,8.91,12.06,11.21,8.57,13.22,-0.65
200004,-2.33,0.6,4.32,2.29,-0.59,-2.7,-11.8,-0.94,-4.2,-8.78
200005,1.15,5.15,5.92,4.31,-0.82,1.85,2.6,-3.28,-3.17,-11.54
200006,-5.17,-5.39,-5.16,-2.96,6.95,-3.53,-3.06,3.26,3.45,13.24
200007,-4.71,0.94,-6.06,-0.01,-3.68,-0.85,0.49,1.31,-0.53,-3.23
200008,6.95,8.16,3.36,4.34,5.95,2.29,3.12,4.68,6.02,14.12
200009,-12.48,-1.7,-7.68,3.67,-2.65,2.71,1.66,0.73,-1.39,-11.73
200010,-8.36,4.87,2.72,7.71,1.15,1.1,0.19,-1.32,-2.13,-7.76
200011,-23.5,-8.76,-3.5,-3.5,0.26,-8.79,-3.51,-7.04,-9.62,-24.58
200012,-10.82,0.34,0.31,6.77,1.14,4,-2.64,2.95,3.23,5.93
200101,35.57,26.05,6.01,11.33,3.64,-3.8,0.42,-2.63,-6.79,-6.4
200102,-19.83,-21.18,-11.41,-8.05,-5.17,-12.03,-3.96,-1.7,-4.52,-4.29
200103,-17.59,-10.78,-7.22,-7.07,-4.01,-6.12,-5.09,-3.32,-3.77,-2.9
200104,15.11,17.73,10.28,6.93,7.49,2.71,3.74,3.43,4.39,5.62
200105,-5.88,0.47,1.15,1.92,2.42,1.43,4.27,2.72,1.86,3.22
200106,0.01,-1.73,-2.33,-3.92,-0.54,-0.98,-2.93,-1.68,-2.36,1.09
200107,-6.61,-4.65,-1.46,-0.4,-1.3,-0.65,1.89,1.68,0.45,-2.89
200108,-14.36,-7.92,-6.53,-6.3,-4.04,-2.56,-1.77,-1.99,-3.95,-3.48
200109,-22.79,-14.5,-10.87,-5.97,-4.24,-2.98,-4.16,-6.04,-4.98,-7.37
200110,15.71,4.84,1.51,2.16,0.05,1.29,-0.07,-0.05,-0.14,1.03
200111,20.1,11.87,7.89,5.95,5.45,4.99,5.64,3.72,5.49,4.88
200112,-0.67,-0.14,0.32,2,2.21,4.48,2.33,2.65,3.57,4.9
200201,-1.55,-2.3,-3.28,-1.56,-1,-2.08,1,-0.35,-2.01,-0.27
200202,-17.76,-3.26,-1.15,-0.32,-0.06,-1.58,2.15,0.43,0.25,-2.18
200203,7.99,3.64,5.26,2.89,4.5,4.7,3.88,3.74,6.06,5.91
200204,-13.81,-9.98,-8.14,-6.93,-5.2,-0.95,-1.6,1.18,-0.85,0.13
200205,-5.93,-1.43,-1.08,-0.69,0.27,-1.65,0.85,-2.34,0.89,-2.45
200206,-14.61,-8.41,-4.34,-7.59,-8.53,-7.01,-3.24,-6.43,-2.8,-3.56
200207,-6.77,-10.33,-9.6,-6.48,-7.12,-7.92,-5.64,-6.84,-6.49,-11.82
200208,4.43,-2.51,0.87,1.8,2.03,-0.01,2.54,0.59,1.94,1.38
200209,-16.02,-16.06,-13.5,-11.67,-8.33,-7.42,-8.04,-7.4,-4.58,-3.07
200210,19.94,9.4,11.46,9.11,3.92,3.91,5.49,3.93,5.05,5.05
200211,22.64,11.6,8.57,4.95,2.85,1.6,3.07,0.2,-2.97,2.24
200212,-14.29,-12.13,-8.16,-8.14,-1.39,-3.33,-3.35,-1.16,0.17,-1.74
200301,-3.77,-1.66,-3.28,-2.22,-3.6,-3.12,-2.77,-2.34,-0.9,-1.03
200302,0.75,-2.54,-2.08,-3.07,-1.85,-0.62,-2.85,-2.42,-1.27,0.3
200303,0.34,0.28,-1.33,1.39,1.4,2.58,0.87,1.06,0.94,3.75
200304,19.8,17.09,12.33,13.13,7.4,5.31,7.16,5.32,5.65,4.64
200305,21.9,12.53,13.79,9.53,6.33,4.53,4.67,1.67,5.22,7.13
200306,2.17,4.53,1.39,2.22,1.41,0.62,-0.02,1.89,1.45,1.86
200307,5.34,4.84,3.2,3.85,1.28,0.96,0.83,3.71,1.77,3.37
200308,4,4.23,2.32,1.69,0.71,4.74,1.63,1.49,2.53,4.06
200309,-0.57,-1.14,-0.62,-0.66,0.35,-2.42,-2.59,-2.23,-1.02,-1.77
200310,3.84,4.85,5.45,4.68,1.48,6.53,7.42,7.81,8.38,11.76
200311,0.57,1.85,0.26,2,1.74,0.23,1.15,1.17,4.11,3.2
200312,8.8,7.61,5.95,5.02,4.84,3.43,3.89,1.48,1.74,-1.28
200401,2.5,1.01,0.95,3.88,0.97,2.24,2.19,2.09,3.31,3.69
200402,2.08,1.61,1.15,2.51,2.57,1.8,0.9,2.48,-0.6,-0.07
200403,-1.82,-2.84,-1.04,0,-2.04,0.09,-1.18,-0.63,0.5,-1.46
200404,2.63,-0.2,0.14,-1.5,-1.29,-3.46,-3.12,-5.91,-3.77,-7.7
200405,-0.19,0.82,1.89,1.98,-0.61,2.02,3.39,0.65,2.42,2.75
200406,1.16,1.93,1.7,1.19,-0.32,2.22,4.16,4.51,5.18,1.8
200407,-4.41,-2.74,-2.12,-4.89,-1.89,-2.99,-5.88,-5.88,-6.59,-8.76
200408,-0.06,1.48,0.08,0.7,-0.43,1.01,-0.86,-0.18,-0.6,-1.91
200409,2.2,-0.98,-0.74,0.92,0.33,0.79,3.96,4.66,6.69,7.33
200410,5.58,2.53,1.28,1.17,2.14,-1.01,0.84,0.29,1.98,2.7
200411,4.38,1.31,3.77,5.63,3.91,4.38,5.79,6.11,7.25,9.93
200412,7.37,2.96,4.68,4.98,3.4,3.56,3.05,2.38,0.92,2.08
200501,-6.81,-2.05,-3.16,-1.88,-1.38,-1.23,-2.46,-0.03,-2.1,-3.98
200502,4.13,0.41,-0.81,0.15,0.46,1.33,8.21,3.98,2.4,5.41
200503,-2.9,-3.01,-1.78,-2.1,-0.88,-0.73,-1.13,-2.4,-0.91,-1.55
200504,-3.26,-0.77,-2.78,-2.67,-0.96,-1.36,-2.17,-1.86,-5.01,-6.58
200505,5.88,5.35,2.09,2.69,4.25,4.15,1.54,4.57,3.14,6.41
200506,0.3,0.02,0.15,0.25,-0.59,-0.52,0.39,1.68,3.06,5.61
200507,7.06,4.17,3.49,4.55,2.5,4.15,3.37,3.64,5.83,5.98
200508,-3.05,-3.39,0.44,-1.5,-2.34,-0.33,-0.34,-0.2,1.89,1.15
200509,-2.17,-0.5,-0.12,-1.01,0.93,2.49,0.86,2.42,3.19,3.9
200510,0.65,-0.58,-0.43,-0.2,-0.27,-3.5,-5.11,-1.71,-4.39,-2.79
200511,3.5,3.92,3.51,4.69,4.67,2.76,3.71,5.58,3.57,3.23
200512,0,1.12,-1.36,-0.7,-0.08,-0.4,0.83,-0.17,1.3,1.84
200601,6.73,3.93,2.29,-1.17,1.67,2.55,3.38,2.79,6.14,10.04
200602,-1.21,0.64,1.37,0.58,1.75,-0.08,1.71,0.03,-0.44,-5.52
200603,2.25,1.96,2.62,0.6,0.67,0.77,1.52,2.07,2.62,4.66
200604,0.68,-0.1,1.47,1.62,2.28,0.42,0.82,1.05,0.47,2
200605,-1.35,-1.61,-1.07,-2.07,-2.89,-3.52,-4.13,-4.17,-5.14,-8.25
200606,-0.33,-0.9,-0.9,0.51,0.02,1.06,0.31,0.59,1.08,-0.62
200607,-4.87,1.96,0.08,-1.59,1.38,1.95,0.64,-0.55,-3.25,-6.35
200608,6.61,2.63,4.21,3.87,4.28,1.3,1.86,1.43,0.89,-2.23
200609,2.27,2.1,3.42,2.77,3.18,1.24,1.8,1.43,2.44,2.11
200610,5.72,4.64,3.75,4.35,3.18,3.52,1.4,4.69,2.74,6.47
200611,5.5,3.33,1.86,2.97,1.16,0.21,2.35,1.9,2.98,2.25
200612,-0.81,-0.37,0.68,1.77,2.79,2.19,0.81,0.79,1.33,0.91
200701,2.76,2.64,0.87,0.43,2.08,1.92,1.57,2.74,1.66,3.18
200702,-0.18,1.21,-1.74,-0.43,-2.55,-0.39,-1.88,-2.69,-1.82,-2.71
200703,-1.14,-0.53,0.54,0.51,0.32,0,1.45,2.34,3.79,1.82
200704,3.54,4.97,4.5,3.47,4.97,4.45,3.04,4.53,4.22,2.15
200705,3.25,3.97,3.52,4.03,2.81,4.55,3.05,4.1,2.95,5.41
200706,-2.88,-2.54,0.09,-1.62,-1.92,-1.09,-1.79,-1.23,-1.73,-1.42
200707,-4.36,-5.07,-5.88,-3.61,-2.38,-4.1,-4.57,-1.21,-2.8,-1.5
200708,-1.09,2.49,2.14,1.07,1.15,0.49,1.48,2.09,2.06,1.84
200709,2.3,0.77,1.28,1.77,2.16,3.91,3.64,5.99,4.4,7.94
200710,-1.28,-0.8,-1.28,-0.3,4.92,0.86,3.72,3.48,1.48,7.93
200711,-13.38,-8.55,-3.82,-4.31,-5.82,-2.38,-2.49,-3.48,-5.55,-5.67
200712,-6.84,-6.65,-5.95,-3.37,-2.59,-0.65,0.19,2.34,0.91,4.28
200801,3.18,-0.58,-3.47,-0.15,-1.89,-4.57,-6.46,-7.18,-8.79,-13.39
200802,-12.5,-7.89,-8.1,-7.45,-1.65,-2.32,-2.67,-3.32,-0.32,2.51
200803,-9.67,-5.45,-4.06,-0.19,-1.6,-1.8,1.39,1.18,-0.55,-0.24
200804,8.13,7.89,5.5,4.83,4.8,1.12,0.86,4.79,5.35,11.09
200805,-2.43,-0.6,-0.71,0.88,-0.49,3.19,2.35,2.03,1.77,7.02
200806,-20.46,-18.16,-16.45,-12.51,-9.42,-10.12,-9.27,-6.91,-4.76,-0.27
200807,2.01,-0.41,7.52,4.1,2.32,3.44,-1.36,0.7,-3.39,-9.91
200808,-4.93,3.09,6.61,2.42,3.25,2.39,3.08,0.79,0.61,-2.79
200809,-23.12,-12.52,-7.04,-9.78,-7.33,-5.99,-2.74,-7.27,-12.48,-15.19
200810,-26.12,-24.2,-23.59,-18.43,-13.97,-16.89,-15.54,-14.4,-16.6,-14.95
200811,-20.26,-17.31,-12.64,-5.64,-9.14,-6.75,-1.53,-5.42,-8.66,-8.58
200812,3.9,8.92,4.5,3.53,1.72,1.51,2.27,-0.74,0.66,0.78
200901,-8.27,-10.79,-6.37,-7.25,-12.49,-8.27,-5.02,-8.05,-5.98,-12
200902,-25.63,-16.66,-7.77,-16.58,-8.63,-8.6,-9.73,-9.45,-11.28,-4.55
200903,44.22,14.16,13.94,11.71,12.38,10.51,9.78,8.74,4.45,4.83
200904,45.67,35.65,33.78,21.69,20.8,15.56,9.73,4.54,2.97,-0.12
200905,21.27,17.32,10.43,10.91,9.27,6.94,1.89,4.49,1.11,2.3
200906,-6.13,-1.86,-7.02,-0.86,-0.2,0.8,2.01,0.54,2.01,3.01
200907,12.22,11.74,11.09,11.03,10.07,8.16,5.96,6.3,6.72,5.78
200908,25.03,9.54,4.4,5.12,3.41,3.8,2.09,2.41,2.11,0.18
200909,8.9,9.11,6.09,5.04,3.78,5.49,2.81,2.71,3.33,5.05
200910,-13.3,-6.59,-3.93,-1.51,-2.65,-0.93,-1.42,-1.8,-0.76,-4.08
200911,5.02,6.99,5.21,5.85,4.91,5.52,4.91,4.82,5.79,6.27
200912,1.4,-1.36,2.07,3.16,3.25,3.74,4.19,4.66,5.41,5.53
201001,1.99,-2.06,0.27,-2.47,-2.37,-4.08,-4.78,-6.06,-7.69,-6.7
201002,1.43,1.53,1.89,1.86,2.88,4.72,5.61,4.06,5.97,8.44
201003,4.65,5.22,4.43,4.98,5.41,5.41,8.45,11.19,10.34,8.67
201004,0.68,0.74,2.69,-0.24,1.29,1.88,2.36,6.02,3.7,7.15
201005,-9.05,-7.5,-7.73,-6.5,-7.97,-8.87,-8.02,-8.28,-7.42,-9.91
201006,-6.66,-3.88,-3.47,-3.25,-5.3,-7.83,-7.26,-6.7,-6.67,-10.95
201007,6.87,7.29,7.24,5.69,5.61,6.59,8.7,8.11,7.75,10.24
201008,-3.87,-4.54,-4.37,-6.22,-4.01,-4.95,-3.35,-4.22,-6.04,-5.32
201009,11.78,8.64,9.69,8.58,9.56,7.56,9.49,9.78,12.55,13.77
201010,3.46,2.65,2.87,5.3,3.73,4.42,2.67,2.93,5.02,5.49
201011,-0.68,-0.26,0.52,-1.13,0.36,0.43,0.08,2.36,1.54,6.27
201012,13.62,8.42,6.74,6.65,7.16,5.03,5.56,6.65,5.91,4.38
201101,4.11,3.05,0.7,3.35,2.76,0.17,2.02,-0.89,2.55,0.62
201102,1.36,0.96,3.08,4.16,3.27,5.78,5.72,3.81,3.43,4.03
201103,-2.14,-0.88,-0.4,-0.35,1.6,0.63,0.37,1.47,1.26,2.9
201104,-0.12,4.23,2.39,1.63,3.56,3.63,3.88,2.75,1.52,3.24
201105,-3.57,-1.04,0.17,-1.64,-0.86,-0.87,-1.21,-1.81,-1.44,-2.93
201106,-5.32,-1.52,-2.53,-1.79,-1.25,-1.65,-1.48,-2.11,-0.87,0.04
201107,-4.13,-1.39,-1.08,-3.83,-4.18,-0.19,-3.3,-3.42,-1.78,-1.58
201108,-13.87,-7.82,-3.83,-4.82,-4.64,-3.82,-5.96,-6.25,-7.86,-8.68
201109,-11.81,-6.88,-7,-5.59,-6.82,-6.87,-6.24,-9.78,-7.7,-15.91
201110,15.83,16.96,13.32,12.43,11.33,8.54,11.27,9.27,10.06,14.93
201111,-7.62,-4.22,-1.08,-1.92,1.42,0.41,-0.35,1.96,1.37,-1.45
201112,-3.04,-1.87,-2.09,1.66,-0.67,2.63,1.81,-0.05,1.67,-1.14
201201,18.48,10.85,10.54,7.54,8.57,3.83,3.04,2.23,3.54,2.72
201202,6.63,4.97,4.82,3.75,3.76,5.03,3.7,2.77,5.54,5.68
201203,4.57,1.74,2.27,1.89,3.56,1.53,2.38,3.26,4.04,5.13
201204,-6.31,-6.19,-1.46,-2.2,-1.59,-0.8,-0.11,-0.07,0.37,0.36
201205,-13.19,-12.75,-11.16,-8.26,-6.7,-6.42,-5.62,-2.06,-5.04,-4.82
201206,3.52,2.69,4.93,3.91,3.44,4.49,6.1,3.48,4.12,1.98
201207,-2.03,-2.36,-0.22,0.2,-0.12,1.09,1.73,-0.59,1.82,2.54
201208,2.18,5.81,4.43,3.93,4.97,3.21,2.05,1.55,-0.47,3.82
201209,3.64,4.34,4.12,3.56,1.28,1.1,3.38,2.31,2.85,2.23
201210,-4.08,-0.46,-0.24,-1.29,-0.61,-1.77,-3.09,-0.93,-0.61,-5.96
201211,-1.53,0.37,0.13,1.17,0.49,-0.06,1.23,0.85,0.95,1.46
201212,6.18,3.77,3.34,1.94,2.47,-0.45,0.58,0.63,-0.32,2.03
201301,9.5,7.52,6.39,5.76,6.01,7,5.32,5.93,0.85,5.82
201302,-1.03,-0.57,0.24,0.73,1.54,2.03,1.68,1.42,1.79,1.9
201303,5.6,2.31,4.72,3.48,3.72,4.64,2.89,4.96,5.35,5.54
201304,0.87,3.14,-0.16,1.19,1.97,2.27,1.33,2.46,1.27,-0.06
201305,4.16,3.61,4.28,1.78,3.2,2.43,1.44,2.5,2.69,4.68
201306,-6.37,-2,0.06,-0.29,-1.22,-1.3,0.51,0.1,-2.59,-4.23
201307,11.98,3.16,3.65,4.11,5.97,5.72,5.61,4.86,8.01,10.09
201308,2.88,-3.18,-3.63,-2.71,-1.59,-3.63,-3.66,-2.88,-3.29,-2.47
201309,1.07,1.99,3.24,3.17,3.47,5.35,4.14,5.13,5,7.44
201310,3.64,3.48,3.15,6.99,5.04,3.97,4.2,4.18,3.68,2.46
201311,3,2.35,2.59,3.25,3.9,3.44,2.28,3.63,3.72,3.45
201312,2.79,3.6,1.72,1.63,2.67,1.59,3.48,2.2,3.99,2.57
201401,-3.88,-4.49,-5.38,-2.74,-3.89,-2.81,-4.02,-3.33,-1.98,1.29
201402,5.01,3.29,4.06,3.84,4.29,4.02,4.27,5.56,7.81,6.29
201403,1.53,2.27,1.77,1.67,2.72,1.31,0.74,0.29,-2.42,-6.06
201404,1.28,2.86,2.02,1.91,0.48,0.23,-1.04,-2.5,-1.81,-3.41
201405,1.74,-0.49,1.24,1.66,1.53,2.92,3.16,2.4,2.95,3.89
201406,5.93,1.68,3.12,1.14,2.63,2.19,2.37,2.27,3.09,5.46
201407,-2.98,-0.53,-1.59,-2.2,-1.83,-2.69,-2.68,-2.26,-2.64,-0.67
201408,5.13,4.63,3.95,4.38,4.15,3.82,4.1,4.08,4.07,5.44
201409,-7.01,-3.33,-1.92,-1.31,-2.14,-1.67,-1.8,-1.45,-2.07,-2.36
201410,2.2,3.15,2.1,0.83,3.06,3.39,3.45,3.36,1.27,2.06
201411,-1.21,-0.26,2.72,2.53,2.79,0.39,3.16,2.31,3.14,4.11
201412,-1.91,-1.13,-0.75,0,-0.13,0.81,1.38,0.07,0.46,-2.22
201501,-7.73,-5.15,-3.49,-4.5,-5.06,-4.3,-4.38,-2.4,-2.98,0.75
201502,10.64,8.67,7.28,7.46,7.32,5.94,4.6,5.48,5.13,6.19
201503,-4.71,-2.03,-2.22,-1.16,-1.53,-1.42,-1.57,-0.01,-0.48,-0.92
201504,11.28,5.58,3.76,3.07,2.24,1.28,1.29,-0.75,-1.28,-2.54
201505,-7.86,-3.67,-1.4,0.46,0.14,2,2.08,2.57,2.66,4.73
201506,-5.91,-3.05,-3.2,-2.48,-1.61,-2.16,-0.76,-1.6,0.14,-0.55
201507,-18.41,-8.31,-5,3.11,1.7,1.26,2.88,3.77,4.87,2.01
201508,-2.33,-6.06,-3.8,-5.77,-6.53,-6.14,-6.15,-6.71,-6.38,-6.65
201509,-15.9,-7.59,-4.49,-4.35,-2.42,-0.99,-2.72,-2.98,-2.37,-3.4
201510,11.42,10.66,9.74,5.44,9.3,7.1,8.54,6.45,6.64,6.94
201511,-4.3,-0.16,-0.69,-0.44,0.61,0.94,0.73,1,0.86,1.33
201512,-4.4,-6.59,-5.62,-2.18,-2.59,-3.37,-1,-0.68,-0.74,-1.19
201601,-13.27,-5.36,-7.51,-5.13,-4.12,-6.84,-5.8,-6.93,-4.43,-6.21
201602,3.05,2.71,0.86,3.94,1.74,1.01,-0.01,-1.49,-0.9,-3.29
201603,14.05,11.74,8.25,8.99,8.61,6.46,5.56,5.69,6.12,5.86
201604,18.19,6.63,3.62,4.12,-0.93,2.23,1.87,0.16,-0.2,-1.57
201605,-2.66,0.38,1.01,1.18,2.92,1.27,1.06,1.32,2.03,3.39
201606,-0.32,-3.21,-3.6,-3.67,-1.9,-1.6,0.17,2.55,3.97,0.7
201607,7.41,8.63,6.14,6.72,4.34,4.46,2.61,2.29,3.04,4.15
201608,4.87,1.71,2.38,1.45,1.28,1.76,0,-0.37,-1.75,-0.96
201609,4.61,2.04,-0.89,-0.35,-0.25,-0.25,0.41,0.39,-0.72,3.04
201610,-8.65,-3.99,-0.56,0.63,-0.87,-1.29,-3.17,-2.26,-2.12,-5.25
201611,8.01,7.85,11.11,4.08,6.85,2.58,3.36,0.75,2.37,7.89
201612,1.24,0.22,2.19,2.67,1.96,2.42,2.39,2.02,0.74,-0.4
201701,3.36,3.06,1.88,2.22,2.23,0.91,1.77,1.64,0.94,3.77
201702,3.4,4.49,4.31,2.94,4.41,3.85,2.91,4.15,0.84,0.03
201703,-2,0.04,0.45,0.82,0.93,1.22,-0.97,0.32,-1.64,0.04
201704,1.46,-0.23,0.95,3.38,1.71,0.18,0.88,1.74,0.58,0.07
201705,-4.38,-1.64,1.89,-0.64,1.77,2.7,-0.27,2.66,0.13,3.47